CASE_ID,ACCIDENT_YEAR,PROC_DATE,JURIS,COLLISION_DATE,COLLISION_TIME,OFFICER_ID,REPORTING_DISTRICT,DAY_OF_WEEK,CHP_SHIFT,POPULATION,CNTY_CITY_LOC,SPECIAL_COND,BEAT_TYPE,CHP_BEAT_TYPE,CITY_DIVISION_LAPD,CHP_BEAT_CLASS,BEAT_NUMBER,PRIMARY_RD,SECONDARY_RD,DISTANCE,DIRECTION,INTERSECTION,WEATHER_1,WEATHER_2,STATE_HWY_IND,CALTRANS_COUNTY,CALTRANS_DISTRICT,STATE_ROUTE,ROUTE_SUFFIX,POSTMILE_PREFIX,POSTMILE,LOCATION_TYPE,RAMP_INTERSECTION,SIDE_OF_HWY,TOW_AWAY,COLLISION_SEVERITY,NUMBER_KILLED,NUMBER_INJURED,PARTY_COUNT,PRIMARY_COLL_FACTOR,PCF_CODE_OF_VIOL,PCF_VIOL_CATEGORY,PCF_VIOLATION,PCF_VIOL_SUBSECTION,HIT_AND_RUN,TYPE_OF_COLLISION,MVIW,PED_ACTION,ROAD_SURFACE,ROAD_COND_1,ROAD_COND_2,LIGHTING,CONTROL_DEVICE,CHP_ROAD_TYPE,PEDESTRIAN_ACCIDENT,BICYCLE_ACCIDENT,MOTORCYCLE_ACCIDENT,TRUCK_ACCIDENT,NOT_PRIVATE_PROPERTY,ALCOHOL_INVOLVED,STWD_VEHTYPE_AT_FAULT,CHP_VEHTYPE_AT_FAULT,COUNT_SEVERE_INJ,COUNT_VISIBLE_INJ,COUNT_COMPLAINT_PAIN,COUNT_PED_KILLED,COUNT_PED_INJURED,COUNT_BICYCLIST_KILLED,COUNT_BICYCLIST_INJURED,COUNT_MC_KILLED,COUNT_MC_INJURED,PRIMARY_RAMP,SECONDARY_RAMP,LATITUDE,LONGITUDE,COUNTY,CITY,POINT_X,POINT_Y
5719841,2012,1/29/14,9370,6/15/12,1740,20292,,5,2,6,103,0,1,1,,2,81,RT 80,ASHBY AV,2149,E,N,A,-,Y,ALA,4,80,-,-,4.99,H,-,W,N,4,0,1,2,A,-,4,21703,,N,C,C,A,A,H,-,A,D,6,,,,,Y,,A,1,0,0,1,0,0,0,0,0,0,- ,- ,37.51175,-122.18018,ALAMEDA,BERKELEY,-122.3007519,37.85538355
5719851,2012,11/1/13,9370,7/3/12,1143,19572,,2,1,6,103,0,1,1,,2,81,RT 80,ASHBY AV,1190,E,N,A,-,Y,ALA,4,80,-,-,4.68,H,-,W,Y,4,0,2,2,A,-,3,22350,,N,C,C,A,A,H,-,A,D,6,,,,,Y,,A,1,0,0,2,0,0,0,0,0,0,- ,- ,37.51079,-122.17591,ALAMEDA,BERKELEY,-122.2994932,37.850745
5719881,2012,2/26/14,9370,6/2/12,1740,20292,,6,2,6,103,0,1,1,,2,81,RT 80,UNIVERSITY AV,3254,W,N,A,-,Y,ALA,4,80,-,-,5.22,H,-,W,Y,4,0,4,4,A,-,3,22350,,N,C,C,A,A,H,-,A,D,6,,,,,Y,,A,7,0,0,4,0,0,0,0,0,0,- ,- ,37.51285,-122.18046,ALAMEDA,BERKELEY,-122.3016035,37.85829921
5719905,2012,2/26/14,9370,6/6/12,1555,19572,,3,2,6,103,0,1,1,,2,81,RT 80,UNIVERSITY AV,1280,E,N,A,-,Y,ALA,4,80,-,-,6.08,H,-,W,N,4,0,2,3,A,-,3,22350,,N,C,C,A,A,H,-,A,D,6,,,,,Y,,A,1,0,0,2,0,0,0,0,0,0,- ,- ,37.52128,-122.18177,ALAMEDA,BERKELEY,-122.3047832,37.869275
5719942,2012,1/29/14,9370,6/15/12,428,18837,,5,3,6,103,0,1,1,,2,81,RT 80,UNIVERSITY AV,798,W,N,B,-,Y,ALA,4,80,-,-,5.69,H,-,W,Y,3,0,1,1,A,-,8,22107,,N,F,A,A,A,H,-,C,D,6,,,,,Y,,A,1,0,1,0,0,0,0,0,0,0,- ,- ,37.51526,-122.18124,ALAMEDA,BERKELEY,-122.3032059,37.86428076
5719950,2012,1/29/14,9370,6/23/12,1850,20235,,6,2,6,103,0,1,1,,2,81,RT 80,GILLMAN ST,50,W,N,A,-,Y,ALA,4,80,-,-,6.69,H,-,W,N,4,0,1,2,A,-,4,21703,,N,C,C,A,A,H,-,A,D,6,,,,,Y,,A,1,0,0,1,0,0,0,0,0,0,- ,- ,37.87699,-122.30721,ALAMEDA,BERKELEY,-122.3077171,37.87913618
5719962,2012,1/7/14,9370,6/25/12,1530,18245,,1,2,6,103,0,1,1,,2,81,RT 80,ASHBY AV,599,E,N,A,-,Y,ALA,4,80,-,-,0.456,H,-,W,Y,4,0,1,3,A,-,3,22350,,F,C,C,A,A,H,-,A,D,6,,,,,Y,,-,99,0,0,1,0,0,0,0,0,0,- ,- ,37.5115,-122.18,ALAMEDA,BERKELEY,-122.3429732,37.8193163
5719969,2012,1/29/14,9370,6/20/12,1747,20050,,3,2,6,103,0,1,1,,2,81,RT 80,UNIVERSITY AV,767,W,N,A,-,Y,ALA,4,80,-,-,5.69,H,-,E,N,4,0,2,3,A,-,3,22350,,N,C,C,A,A,H,-,D,D,6,,,,,Y,,A,1,0,0,2,0,0,0,0,0,0,- ,- ,37.86463,-122.30296,ALAMEDA,BERKELEY,-122.3027365,37.86376796
5719974,2012,1/29/14,9370,6/27/12,1610,18245,,3,2,6,103,0,1,1,,2,81,RT 80,ASHBY AV,500,E,N,A,-,Y,ALA,4,80,-,-,4.54,H,-,W,Y,4,0,1,2,A,-,3,22350,,N,C,C,A,A,H,-,A,D,6,,,,,Y,,A,1,0,0,1,0,0,0,0,0,0,- ,- ,,,ALAMEDA,BERKELEY,-122.2988149,37.8477863
5719978,2012,1/29/14,9370,6/28/12,1802,20050,,4,2,6,103,0,1,1,,2,81,RT 80,GILMAN ST,1478,W,N,A,-,Y,ALA,4,80,-,-,6.34,H,-,W,Y,4,0,1,3,A,-,3,22350,,N,C,C,A,A,H,-,A,D,6,,,,,Y,,A,1,0,0,1,0,0,0,0,0,0,- ,- ,37.8741,-122.30317,ALAMEDA,BERKELEY,-122.3058212,37.87260297
5719994,2012,1/29/14,9370,6/19/12,1700,20129,,2,2,6,103,0,1,1,,2,81,RT 80,UNIVERSITY AV,300,W,N,A,-,Y,ALA,4,80,-,-,5.9,H,-,W,Y,4,0,1,2,A,-,3,22350,,N,C,C,A,A,H,-,A,D,6,,,,,Y,,A,1,0,0,1,0,0,0,0,0,0,- ,- ,37.86376,-122.30318,ALAMEDA,BERKELEY,-122.3040202,37.86697001
5719998,2012,1/29/14,9370,6/14/12,130,17208,,4,3,6,103,0,1,1,,2,81,RT 80,ASHBY AV,300,E,N,A,-,Y,ALA,4,80,-,-,4.64,H,-,E,Y,3,0,1,2,A,-,1,23152,A,N,C,C,A,A,D,-,D,D,6,,,,,Y,Y,A,1,0,1,0,0,0,0,0,0,0,- ,- ,37.5052,-122.1755,ALAMEDA,BERKELEY,-122.2992051,37.85052924
5720313,2012,1/31/14,9370,5/27/12,130,19663,,7,3,6,103,0,1,1,,2,81,RT 80,GILMAN ST,750,E,N,A,-,Y,ALA,4,80,-,-,6.82,H,-,E,Y,3,0,6,3,A,-,3,22350,,N,C,C,A,A,H,-,C,D,6,,,,,Y,Y,A,1,0,2,4,0,0,0,0,0,0,- ,- ,37.87784,-122.30661,ALAMEDA,BERKELEY,-122.3079928,37.88186687
5720336,2012,1/23/14,9370,4/24/12,1507,18954,,2,2,6,103,0,1,1,,2,81,RT 80,ASHBY AV,1398,E,N,A,-,Y,ALA,4,80,-,-,4.71,H,-,W,Y,2,0,1,2,A,-,8,22107,,N,E,I,A,A,H,-,A,D,6,,,,Y,Y,,A,1,1,0,0,0,0,0,0,0,0,- ,- ,37.85003,-122.2994,ALAMEDA,BERKELEY,-122.2996325,37.8514007
5720351,2012,1/31/14,9370,5/17/12,1540,19572,,4,2,6,103,0,1,1,,2,81,RT 80,UNIVERSITY AV,1150,W,N,A,-,Y,ALA,4,80,-,-,5.62,H,-,W,Y,4,0,2,3,A,-,3,22350,,N,C,C,A,A,H,-,A,D,6,,,,,Y,,A,7,0,0,2,0,0,0,0,0,0,- ,- ,37.86351,-122.30314,ALAMEDA,BERKELEY,-122.3029715,37.86338916
5720353,2012,1/23/14,9370,4/24/12,1309,18896,,2,1,6,103,0,1,1,,2,80,RT 80,POWELL ST,1101,E,N,A,-,Y,ALA,4,80,-,-,4.05,H,-,W,Y,4,0,1,2,A,-,3,22350,,N,C,C,A,A,H,-,A,D,6,,,,,Y,,D,22,0,0,1,0,0,0,0,0,0,- ,- ,37.84078,-122.29744,ALAMEDA,BERKELEY,-122.297524,37.84212177
5720632,2012,10/14/13,9370,3/7/12,1525,14822,,3,2,6,103,0,1,1,,2,81,RT 80,ASHBY AV,800,E,N,B,-,Y,ALA,4,80,-,-,4.6,H,-,W,N,4,0,1,3,A,-,3,22350,,N,C,C,A,A,H,-,A,D,6,,,,,Y,,A,1,0,0,1,0,0,0,0,0,0,- ,- ,37.52034,-122.18148,ALAMEDA,BERKELEY,-122.2990968,37.84906267
5736107,2012,3/6/14,9370,5/24/12,1541,19771,,4,2,6,103,0,1,1,,2,81,RT 80,WEST ASHBY AV,1640,E,N,A,-,Y,ALA,4,80,-,-,4.76,H,-,W,Y,4,0,1,2,A,-,3,22350,,N,C,C,A,A,H,-,A,D,6,,,,,Y,,A,1,0,0,1,0,0,0,0,0,0,- ,- ,37.51123,-122.18001,ALAMEDA,BERKELEY,-122.2999266,37.85245365
5736202,2012,1/23/14,9370,4/14/12,1515,19852,,6,2,6,103,0,1,1,,2,81,RT 80,GILMAN ST,243,E,N,A,-,Y,ALA,4,80,-,-,6.73,H,-,W,N,4,0,1,2,A,-,3,22350,,N,C,C,A,A,H,-,A,D,6,,,Y,,Y,,C,2,0,0,1,0,0,0,0,0,1,- ,- ,37.5251,-122.1814,ALAMEDA,BERKELEY,-122.3078878,37.8799491
5736205,2012,1/23/14,9370,4/28/12,1606,19985,,6,2,6,103,0,1,1,,2,81,RT 80,ASHBY AV,380,E,N,A,-,Y,ALA,4,80,-,-,4.52,H,-,W,N,4,0,1,3,A,-,3,22350,,N,C,C,A,A,H,-,A,D,6,,,,,Y,,A,8,0,0,1,0,0,0,0,0,0,- ,- ,37.52168,-122.18189,ALAMEDA,BERKELEY,-122.2987237,37.84736077
5736224,2012,1/23/14,9370,4/21/12,1617,19783,,6,2,6,103,0,1,1,,2,81,RT 80,ASHBY AV,1860,E,N,A,-,Y,ALA,4,80,-,-,4.8,H,-,W,N,4,0,3,2,A,-,3,22350,,F,C,C,A,A,H,-,A,D,6,,,,,Y,,A,1,0,0,3,0,0,0,0,0,0,- ,- ,37.51147,-122.18007,ALAMEDA,BERKELEY,-122.30007,37.85297066
5736585,2012,1/31/14,9370,5/26/12,1400,19985,,6,2,6,103,0,1,1,,2,81,RT 80,UNIVERSITY AV,2085,W,N,A,-,Y,ALA,4,80,-,-,5.45,H,-,E,N,4,0,1,2,A,-,7,21658,A,N,B,C,A,A,H,-,A,D,6,,,Y,,Y,,A,1,0,0,1,0,0,0,0,0,1,- ,- ,37.51397,-122.18014,ALAMEDA,BERKELEY,-122.3020146,37.86077874
5759049,2012,3/6/14,103,5/1/12,1532,57,22,2,5,6,103,0,0,0,,0,18,SAN PABLO BL,UNIVERSITY AV,155,N,N,A,-,Y,ALA,4,123,-,-,3.18,H,-,N,N,4,0,1,2,A,-,3,22350,,N,C,C,A,A,H,-,A,D,0,,,,,Y,,D,22,0,0,1,0,0,0,0,0,0,- ,- ,,,ALAMEDA,BERKELEY,-122.2922602,37.86955601
5759053,2012,9/25/13,103,5/25/12,1430,63,38,5,5,6,103,0,0,0,,0,8,COLLEGE AV,WEBSTER ST,0,,Y,B,-,N,,,,,,,,,,N,3,0,1,2,A,-,17,22517,,N,H,E,A,A,H,-,A,D,0,,Y,,,Y,,D,22,0,1,0,0,0,0,1,0,0,- ,- ,,,ALAMEDA,BERKELEY,-122.2529731,37.85605485
5759065,2012,2/4/14,103,5/23/12,959,102,39,3,5,6,103,0,0,0,,0,8,COLLEGE AV,RT 13,9,S,N,A,-,Y,ALA,4,13,-,-,11.23,I,6,S,N,4,0,1,2,A,-,10,21950,A,N,G,B,B,A,H,-,A,A,0,Y,,,,Y,,D,22,0,0,1,0,1,0,0,0,0,- ,- ,,,ALAMEDA,BERKELEY,-122.2524787,37.85708491
5759077,2012,9/25/13,103,5/23/12,636,37,20,3,5,6,103,0,0,0,,0,16,ASHBY AV,7TH ST,451,W,N,A,-,N,,,,,,,,,,Y,4,0,3,2,A,-,3,22350,,N,C,C,A,A,H,-,A,A,0,,,,,Y,,A,1,0,0,3,0,0,0,0,0,0,- ,- ,,,ALAMEDA,BERKELEY,-122.2925263,37.85041865
5759081,2012,10/21/13,103,5/22/12,1018,102,23,2,5,6,103,0,0,0,,0,10,SHATTUCK AV,RUSSELL ST,48,S,N,A,-,N,,,,,,,,,,N,4,0,1,2,A,-,11,21954,A,F,G,B,D,A,H,-,A,D,0,Y,,,,Y,Y,N,60,0,0,1,0,1,0,0,0,0,- ,- ,,,ALAMEDA,BERKELEY,-122.2667152,37.85660387
5759090,2012,2/13/14,103,5/12/12,1925,156,11,6,5,6,103,0,0,0,,0,15,ASHBY AV,WEST FRONTAGE RD,2640,E,N,A,-,Y,ALA,4,80,-,-,4.331,R,2,W,Y,3,0,1,2,A,-,5,21651,C,F,A,C,A,A,H,-,A,B,0,,,,,Y,Y,A,1,0,1,0,0,0,0,0,0,0,- ,- ,,,ALAMEDA,BERKELEY,-122.2977932,37.843345
5759098,2012,9/25/13,103,5/10/12,903,37,28,4,5,6,103,0,0,0,,0,7,TELEGRAPH AV,HASTE ST,14,N,N,A,-,N,,,,,,,,,,Y,4,0,6,2,A,-,12,21453,A,N,D,C,A,A,H,-,A,A,0,,,,,Y,,I,20,0,0,6,0,0,0,0,0,0,- ,- ,,,ALAMEDA,BERKELEY,-122.2586508,37.86605295
5759118,2012,9/26/13,103,5/4/12,650,121,20,5,5,6,103,0,0,0,,0,18,EASTSHORE HWY,PAGE ST,170,N,N,A,-,N,,,,,,,,,,Y,4,0,1,2,A,-,9,21804,A,N,A,C,A,A,H,-,A,D,0,,,,Y,Y,,F,27,0,0,1,0,0,0,0,0,0,- ,- ,,,ALAMEDA,BERKELEY,-122.3061,37.87574919
5759305,2012,11/21/13,9370,8/13/12,755,18876,,1,1,6,103,0,1,1,,2,81,RT 80,GILMAN ST,300,E,N,A,-,Y,ALA,4,80,-,-,6.74,H,-,W,Y,4,0,1,4,A,-,7,21658,A,N,B,C,A,A,H,-,A,D,6,,,,Y,Y,,A,1,0,0,1,0,0,0,0,0,0,- ,- ,37.87902,-122.3077,ALAMEDA,BERKELEY,-122.3079273,37.88015304
5759327,2012,10/19/13,9370,7/3/12,1602,18837,,2,2,6,103,0,1,1,,2,81,RT 80,ASHBY AV,1900,E,N,A,-,Y,ALA,4,80,-,-,4.81,H,-,W,Y,4,0,1,2,A,-,7,21658,A,N,B,C,A,A,H,-,A,D,6,,,,Y,Y,,G,25,0,0,1,0,0,0,0,0,0,- ,- ,37.85237,-122.3,ALAMEDA,BERKELEY,-122.3001051,37.85309781
5760083,2012,9/6/13,103,5/15/12,1157,144,40,2,5,6,103,0,0,0,,0,11,SACRAMENTO ST,WOOLSEY ST,0,,Y,A,-,N,,,,,,,,,,Y,4,0,3,2,A,-,9,21801,A,N,D,C,A,A,H,-,A,D,0,,,,,Y,,A,7,0,0,3,0,0,0,0,0,0,- ,- ,,,ALAMEDA,BERKELEY,-122.2785132,37.85059496
5760084,2012,8/31/13,103,5/17/12,818,15,34,4,5,6,103,0,0,0,,0,12,SACRAMENTO ST,STUART ST,0,,Y,A,-,N,,,,,,,,,,N,4,0,2,2,A,-,9,21802,A,N,D,C,A,A,H,-,A,D,0,,,,,Y,,A,1,0,0,2,0,0,0,0,0,0,- ,- ,,,ALAMEDA,BERKELEY,-122.2799332,37.85691496
5760088,2012,8/31/13,103,5/16/12,2038,25,32,3,5,6,103,0,0,0,,0,16,UNIVERSITY AV,7TH ST,0,,Y,A,-,N,,,,,,,,,,N,4,0,1,2,A,-,10,21950,A,N,D,B,B,A,H,-,C,D,0,Y,,,,Y,,A,1,0,0,1,0,1,0,0,0,0,- ,- ,,,ALAMEDA,BERKELEY,-122.2967132,37.86822487
5760092,2012,9/4/13,103,5/17/12,1505,8,31,4,5,6,103,0,0,0,,0,15,SAN PABLO AV,DWIGHT WY,262,N,N,A,-,N,,,,,,,,,,N,4,0,1,3,A,-,3,22350,,N,C,C,A,B,H,-,A,A,0,,,,,Y,,A,7,0,0,1,0,0,0,0,0,0,- ,- ,,,ALAMEDA,BERKELEY,-122.2899076,37.86177432
5760096,2012,8/31/13,103,5/18/12,821,53,23,5,5,6,103,0,0,0,,0,5,MARTIN LUTHER KING JR WY,CHANNING WY,38,N,N,A,-,N,,,,,,,,,,Y,3,0,1,2,C,-,18,,,N,C,E,A,A,H,-,A,D,0,,,,,Y,,-,- ,0,1,0,0,0,0,0,0,0,- ,- ,,,ALAMEDA,BERKELEY,-122.2723136,37.86528902
5760100,2012,8/31/13,103,5/18/12,1432,121,23,5,5,6,103,0,0,0,,0,18,SACRAMENTO ST,LINCOLN ST,61,N,N,A,-,N,,,,,,,,,,Y,3,0,1,2,A,-,17,22517,,N,H,G,A,A,H,-,A,D,0,,Y,,,Y,,A,1,0,1,0,0,0,0,1,0,0,- ,- ,,,ALAMEDA,BERKELEY,-122.2826736,37.87597175
5760104,2012,8/31/13,103,5/18/12,1418,53,28,5,5,6,103,0,0,0,,0,6,DANA ST,BANCROFT WY,55,S,N,A,-,N,,,,,,,,,,N,3,0,1,2,A,-,3,22350,,N,C,C,A,A,H,-,A,D,0,,Y,,,Y,,L,4,0,1,0,0,0,0,1,0,0,- ,- ,,,ALAMEDA,BERKELEY,-122.261453,37.86827578
5760108,2012,2/19/14,103,5/21/12,711,109,20,1,5,6,103,0,0,0,,0,15,RT 13,ASHBY AV,591,W,N,B,-,Y,ALA,4,13,-,-,13.68,H,-,S,N,4,0,1,2,A,-,8,22107,,N,D,C,A,B,H,-,A,D,0,,,,,Y,,A,1,0,0,1,0,0,0,0,0,0,- ,- ,,,ALAMEDA,BERKELEY,-122.2933202,37.85008989
5760112,2012,3/4/14,103,5/20/12,1513,81,31,7,5,6,103,0,0,0,,0,14,RT 123,BANCROFT WY,0,,Y,A,-,Y,ALA,4,123,-,-,2.83,I,5,N,N,4,0,2,3,A,-,9,21802,A,N,D,C,F,A,H,-,A,D,0,Y,,,,Y,,A,1,0,0,2,0,1,0,0,0,0,- ,- ,,,ALAMEDA,BERKELEY,-122.2907124,37.86472436
5760120,2012,8/31/13,103,5/15/12,2219,104,29,2,5,6,103,0,0,0,,0,3,UNIVERSITY AV,MARTIN LUTHER KING JR WY,0,,Y,A,-,N,,,,,,,,,,Y,3,0,2,2,A,-,9,21801,A,N,A,C,A,A,H,-,C,A,0,,,,,Y,,A,7,0,1,1,0,0,0,0,0,0,- ,- ,,,ALAMEDA,BERKELEY,-122.2730231,37.87162495
5760142,2012,9/4/13,103,5/10/12,1454,112,20,4,5,6,103,0,0,0,,0,16,UNIVERSITY AV,7TH ST,30,W,N,A,-,N,,,,,,,,,,N,4,0,1,2,D,-,0,,,N,B,C,A,A,H,-,A,A,0,,,,,Y,,-,- ,0,0,1,0,0,0,0,0,0,- ,- ,,,ALAMEDA,BERKELEY,-122.2968145,37.86820628
5760144,2012,9/9/13,103,5/9/12,1355,S34,17,3,5,6,103,0,0,0,,0,2,WALNUT ST,ROSE ST,330,S,N,A,-,N,,,,,,,,,,N,4,0,1,2,A,-,17,22517,,N,B,G,A,A,H,-,A,D,0,,Y,,,Y,,A,1,0,0,1,0,0,0,1,0,0,- ,- ,,,ALAMEDA,BERKELEY,-122.2683417,37.88126202
5760146,2012,9/6/13,103,5/10/12,2039,73,17,4,5,6,103,0,0,0,,0,11,HARMON ST,ADELINE ST,0,,Y,A,-,N,,,,,,,,,,N,3,0,1,2,A,-,10,21950,A,N,G,B,C,A,H,-,C,A,0,Y,,,,Y,,D,22,0,1,0,0,1,0,0,0,0,- ,- ,,,ALAMEDA,BERKELEY,-122.2711931,37.84968495
5760148,2012,8/31/13,103,5/9/12,2315,58,13,3,5,6,103,0,0,0,,0,1,MAIN ST,COLUSA ST,123,W,N,A,-,N,,,,,,,,,,N,3,0,1,2,A,-,8,22107,,N,C,E,A,A,H,-,C,D,0,,,,,Y,,A,1,0,1,0,0,0,0,0,0,0,- ,- ,,,ALAMEDA,BERKELEY,-122.2792733,37.88961876
5760150,2012,9/6/13,103,5/11/12,1208,37,25,5,5,6,103,0,0,0,,0,2,HEARST ST,LE ROY ST,229,W,N,A,-,N,,,,,,,,,,N,3,0,1,2,A,-,17,22517,,N,B,G,A,A,H,-,A,A,0,,Y,,,Y,,A,7,0,1,0,0,0,0,1,0,0,- ,- ,,,ALAMEDA,BERKELEY,-122.2590852,37.87523872
5760151,2012,8/31/13,103,5/31/12,1750,85,37,4,5,6,103,0,0,0,,0,9,COLLEGE AV,RUSSELL ST,0,,Y,A,-,N,,,,,,,,,,N,3,0,2,2,A,-,3,22350,,N,C,C,A,A,H,-,A,A,0,,,,,Y,,A,1,0,1,1,0,0,0,0,0,0,- ,- ,,,ALAMEDA,BERKELEY,-122.2532031,37.85847492
5760152,2012,3/4/14,103,5/21/12,1543,108,31,1,5,6,103,0,0,0,,0,14,RT 123,COWPER ST,0,S,N,A,-,Y,ALA,4,123,-,-,3.01,H,-,N,N,3,0,1,2,A,-,3,22350,,N,C,C,A,A,H,-,A,D,0,,,,,Y,,A,1,0,1,0,0,0,0,0,0,0,- ,- ,,,ALAMEDA,BERKELEY,-122.2915242,37.86720679
5760154,2012,9/6/13,103,5/12/12,431,137,35,6,5,6,103,0,0,0,,0,10,RUSSELL ST,MILVIA ST,0,,Y,A,-,N,,,,,,,,,,N,3,0,1,1,A,-,1,21200,5,N,H,A,A,A,H,-,B,D,0,,Y,,,Y,Y,L,4,0,1,0,0,0,0,1,0,0,- ,- ,,,ALAMEDA,BERKELEY,-122.2690931,37.85641494
5760155,2012,8/31/13,103,5/31/12,710,102,29,4,5,6,103,0,0,0,,0,5,CHANNING WY,SHATTUCK AV,37,E,N,A,F,N,,,,,,,,,,Y,4,0,1,2,A,-,10,21950,A,N,G,B,B,A,H,-,A,A,0,Y,,,,Y,,A,1,0,0,1,0,1,0,0,0,0,- ,- ,,,ALAMEDA,BERKELEY,-122.2675694,37.86580148
5760156,2012,9/4/13,103,5/22/12,1323,15,37,2,5,6,103,0,0,0,,0,8,COLLEGE AV,DERBY ST,0,,Y,A,-,N,,,,,,,,,,N,4,0,1,2,A,-,10,21950,A,F,G,B,B,A,H,-,A,D,0,Y,,,,Y,,A,1,0,0,1,0,0,0,0,0,0,- ,- ,,,ALAMEDA,BERKELEY,-122.2535732,37.86210494
5760158,2012,9/6/13,103,5/8/12,1100,8,20,2,5,6,103,0,0,0,,0,15,POTTER ST,BAY ST,367,W,N,A,-,N,,,,,,,,,,Y,4,0,2,1,A,-,8,22107,,N,E,I,A,A,H,-,A,D,0,,,,,Y,,A,1,0,0,2,0,0,0,0,0,0,- ,- ,,,ALAMEDA,BERKELEY,-122.2972809,37.85027007
5760159,2012,8/31/13,103,6/30/12,2138,110,29,6,5,6,103,0,0,0,,0,3,UNIVERSITY AV,OXFORD ST,29,W,N,A,-,N,,,,,,,,,,N,4,0,1,2,A,-,9,21801,A,N,D,G,A,A,H,-,C,A,0,,Y,,,Y,,A,8,0,0,1,0,0,0,1,0,0,- ,- ,,,ALAMEDA,BERKELEY,-122.2663127,37.87246377
5760160,2012,9/4/13,103,5/24/12,1400,37,29,4,5,6,103,0,0,0,,0,5,SHATTUCK AV,KITTREDGE ST,23,S,N,A,-,N,,,,,,,,,,N,4,0,1,2,A,-,7,21658,A,N,B,C,A,A,H,-,A,A,0,,,,,Y,,A,1,0,0,1,0,0,0,0,0,0,- ,- ,,,ALAMEDA,BERKELEY,-122.2679953,37.86843209
5760161,2012,9/4/13,103,5/24/12,1221,96,24,4,5,6,103,0,0,0,,0,2,OXFORD ST,VIRGINIA ST,157,N,N,A,-,N,,,,,,,,,,N,3,0,1,2,A,-,8,22107,,N,H,G,A,A,H,-,A,D,0,,Y,,,Y,,A,1,0,1,0,0,0,0,1,0,0,- ,- ,,,ALAMEDA,BERKELEY,-122.2667465,37.87730488
5761524,2012,2/19/14,103,5/26/12,1715,39,31,6,5,6,103,0,0,0,,0,16,SAN PABLO AV,ADDISON ST,33,N,N,B,-,Y,ALA,4,123,-,-,3.09,H,-,S,N,4,0,1,2,A,-,8,22107,,N,B,C,A,A,H,-,A,D,0,,,Y,,Y,,A,1,0,0,1,0,0,0,0,0,0,- ,- ,,,ALAMEDA,BERKELEY,-122.292021,37.86828164
5761528,2012,9/4/13,103,5/27/12,1922,16,24,7,5,6,103,0,0,0,,0,4,UNIVERSITY AV,SHATTUCK STEPS,0,,Y,A,-,N,,,,,,,,,,N,4,0,1,2,A,-,12,21453,A,N,B,C,A,A,H,-,A,A,0,,,,,Y,,A,1,0,0,1,0,0,0,0,0,0,- ,- ,,,ALAMEDA,BERKELEY,,
5761532,2012,9/4/13,103,5/29/12,1829,111,31,2,5,6,103,0,0,0,,0,15,UNIVERSITY AV,BONAR ST,0,,Y,A,-,N,,,,,,,,,,Y,4,0,1,2,A,-,8,22107,,N,C,C,A,A,H,-,A,A,0,,,,,Y,,A,8,0,0,1,0,0,0,0,0,0,- ,- ,,,ALAMEDA,BERKELEY,-122.2875832,37.86974494
5761536,2012,9/4/13,103,5/29/12,1739,80,36,2,5,6,103,0,0,0,,0,6,CARLETON ST,ELLSWORTH ST,181,W,N,A,-,N,,,,,,,,,,N,4,0,1,2,A,-,17,22517,,N,H,G,A,A,H,-,A,D,0,,Y,,,Y,,A,1,0,0,1,0,0,0,1,0,0,- ,- ,,,ALAMEDA,BERKELEY,-122.2630887,37.8617696
5761540,2012,9/4/13,103,5/29/12,1524,115,28,2,5,6,103,0,0,0,,0,6,CHANNING WY,DANA ST,0,,N,A,-,N,,,,,,,,,,N,4,0,1,2,A,-,12,22450,A,N,A,B,B,A,H,-,A,A,0,Y,,,,Y,,A,1,0,0,1,0,1,0,0,0,0,- ,- ,,,ALAMEDA,BERKELEY,-122.2611132,37.86662487
5761544,2012,9/4/13,103,5/5/12,1623,50,34,6,5,6,103,0,0,0,,0,10,MLK JR WY,OREGON ST,0,,Y,A,-,N,,,,,,,,,,Y,4,0,1,2,A,-,12,22450,A,N,D,C,A,A,H,-,A,A,0,,,,,Y,,A,1,0,0,1,0,0,0,0,0,0,- ,- ,,,ALAMEDA,BERKELEY,-122.2714332,37.85704491
5761548,2012,9/4/13,103,5/5/12,1906,75,34,6,5,6,103,0,0,0,,0,13,SACRAMENTO ST,RUSSELL ST,0,,Y,A,-,N,,,,,,,,,,N,4,0,1,2,A,-,3,22350,,N,C,C,A,A,H,-,A,D,0,,,,,Y,,A,7,0,0,1,0,0,0,0,0,0,- ,- ,,,ALAMEDA,BERKELEY,-122.2795131,37.85488491
5761552,2012,9/4/13,103,5/7/12,1316,47,29,1,5,6,103,0,0,0,,0,4,FULTON ST,BANCROFT WY,0,,Y,A,-,N,,,,,,,,,,N,4,0,1,2,A,-,9,21801,A,N,A,C,A,A,H,-,A,A,0,,,Y,,Y,,A,1,0,0,1,0,0,0,0,0,1,- ,- ,,,ALAMEDA,BERKELEY,-122.2659932,37.86783489