CASE_ID,ACCIDENT_YEAR,PROC_DATE,JURIS,COLLISION_DATE,COLLISION_TIME,OFFICER_ID,REPORTING_DISTRICT,DAY_OF_WEEK,CHP_SHIFT,POPULATION,CNTY_CITY_LOC,SPECIAL_COND,BEAT_TYPE,CHP_BEAT_TYPE,CITY_DIVISION_LAPD,CHP_BEAT_CLASS,BEAT_NUMBER,PRIMARY_RD,SECONDARY_RD,DISTANCE,DIRECTION,INTERSECTION,WEATHER_1,WEATHER_2,STATE_HWY_IND,CALTRANS_COUNTY,CALTRANS_DISTRICT,STATE_ROUTE,ROUTE_SUFFIX,POSTMILE_PREFIX,POSTMILE,LOCATION_TYPE,RAMP_INTERSECTION,SIDE_OF_HWY,TOW_AWAY,COLLISION_SEVERITY,NUMBER_KILLED,NUMBER_INJURED,PARTY_COUNT,PRIMARY_COLL_FACTOR,PCF_CODE_OF_VIOL,PCF_VIOL_CATEGORY,PCF_VIOLATION,PCF_VIOL_SUBSECTION,HIT_AND_RUN,TYPE_OF_COLLISION,MVIW,PED_ACTION,ROAD_SURFACE,ROAD_COND_1,ROAD_COND_2,LIGHTING,CONTROL_DEVICE,CHP_ROAD_TYPE,PEDESTRIAN_ACCIDENT,BICYCLE_ACCIDENT,MOTORCYCLE_ACCIDENT,TRUCK_ACCIDENT,NOT_PRIVATE_PROPERTY,ALCOHOL_INVOLVED,STWD_VEHTYPE_AT_FAULT,CHP_VEHTYPE_AT_FAULT,COUNT_SEVERE_INJ,COUNT_VISIBLE_INJ,COUNT_COMPLAINT_PAIN,COUNT_PED_KILLED,COUNT_PED_INJURED,COUNT_BICYCLIST_KILLED,COUNT_BICYCLIST_INJURED,COUNT_MC_KILLED,COUNT_MC_INJURED,PRIMARY_RAMP,SECONDARY_RAMP,LATITUDE,LONGITUDE,COUNTY,CITY,POINT_X,POINT_Y
6067665,2013,2/20/14,103,4/7/13,1646,153,20,7,5,6,103,0,0,0,,0,15,ASHBY AV,7TH ST,0,,N,A,-,N,,,,,,,,,,N,4,0,1,2,A,-,3,22350,,N,C,C,A,A,H,-,A,D,0,,,,,Y,,I,11,0,0,1,0,0,0,0,0,0,- ,- ,,,ALAMEDA,BERKELEY,-122.2911431,37.8509949
6067702,2013,2/21/14,103,4/17/13,1614,99,39,3,5,6,103,0,0,0,,0,9,WEBSTER ST,COLLEGE AV,0,,Y,A,-,N,,,,,,,,,,N,3,0,1,2,A,-,9,21802,A,N,G,B,B,A,H,-,A,A,0,Y,,,,Y,,I,11,0,1,0,0,1,0,0,0,0,- ,- ,,,ALAMEDA,BERKELEY,-122.2529731,37.8560548
6067755,2013,2/21/14,103,4/19/13,948,2,38,5,5,6,103,0,0,0,,0,8,TUNNEL RD,BRIDGE RD,109,W,N,A,-,N,,,,,,,,,,N,4,0,2,2,A,-,3,22350,,N,C,C,A,A,H,-,A,D,0,,,,,Y,Y,D,22,0,0,2,0,0,0,0,0,0,- ,- ,,,ALAMEDA,BERKELEY,-122.2388151,37.8553405
6068582,2013,2/20/14,9370,5/1/13,1608,20506,,3,2,6,103,0,1,1,,2,81,RT 80,ASHBY AV,950,E,N,A,-,Y,ALA,4,80,-,-,4.63,H,-,W,Y,4,0,1,3,A,-,3,22350,,N,C,C,A,A,H,-,A,D,6,,,,,Y,,A,1,0,0,1,0,0,0,0,0,0,- ,- ,37.51639,-122.17588,ALAMEDA,BERKELEY,-122.2992532,37.8496981
6071142,2013,8/13/13,103,5/16/13,1300,150,19,4,5,6,103,0,0,0,,0,2,RIDGE RD,LA LOMA AV,96,E,N,B,-,N,,,,,,,,,,N,3,0,1,2,-,-,- ,,,N,G,B,E,A,H,-,A,D,0,Y,,,,Y,,-,- ,0,1,0,0,1,0,0,0,0,- ,- ,,,ALAMEDA,BERKELEY,-122.2567051,37.8764786
6083602,2013,2/22/14,103,4/27/13,400,140,34,6,5,6,103,0,0,0,,0,13,OREGON ST,SACRAMENTO ST,0,,Y,A,-,N,,,,,,,,,,N,4,0,1,2,A,-,21,22106,,N,G,B,E,A,H,-,C,D,0,Y,,,,Y,,A,1,0,0,1,0,1,0,0,0,0,- ,- ,,,ALAMEDA,BERKELEY,-122.2797432,37.8560149
6083603,2013,2/21/14,103,4/16/13,1407,111,40,2,5,6,103,0,0,0,,0,13,SACRAMENTO AV,ALCATRAZ ST,0,,Y,A,-,N,,,,,,,,,,N,4,0,1,2,D,-,0,,,F,B,C,A,A,H,-,A,A,0,,,,,Y,Y,-,- ,0,0,1,0,0,0,0,0,0,- ,- ,,,ALAMEDA,BERKELEY,-122.2778832,37.8478649
6083604,2013,2/28/14,103,4/4/13,1138,10,26,4,5,6,103,0,0,0,,0,4,OXFORD ST,ALLISON WAY,0,,Y,A,-,N,,,,,,,,,,N,4,0,1,2,A,-,3,22350,,N,C,C,A,A,H,-,A,D,0,,,Y,,Y,,C,2,0,0,1,0,0,0,0,0,0,- ,- ,,,ALAMEDA,BERKELEY,-122.2658131,37.8696549
6083606,2013,2/22/14,103,4/27/13,1443,40,13,6,5,6,103,0,0,0,,0,18,NORTHSIDE AV,GILMAN ST,0,,Y,A,-,N,,,,,,,,,,N,4,0,1,2,-,-,- ,,,N,D,G,A,A,H,-,A,D,0,,Y,,,Y,,-,- ,0,0,1,0,0,0,1,0,0,- ,- ,,,ALAMEDA,BERKELEY,-122.2888031,37.8811148
6083607,2013,2/21/14,103,4/16/13,1746,50,30,2,5,6,103,0,0,0,,0,5,SACRAMENTO ST,DWIGHT WY,0,,N,A,-,N,,,,,,,,,,N,3,0,1,2,A,-,8,22107,,N,H,G,A,A,H,-,A,A,0,,Y,,,Y,,A,1,0,1,0,0,0,0,1,0,0,- ,- ,,,ALAMEDA,BERKELEY,-122.2812731,37.8621649
6083608,2013,2/28/14,103,4/5/13,829,20,20,5,5,6,103,0,0,0,,0,15,7TH ST,ANTHONY ST,0,,Y,B,-,N,,,,,,,,,,Y,4,0,1,2,A,-,3,22350,,N,C,C,A,A,H,-,A,D,0,,,,,Y,,A,1,0,0,1,0,0,0,0,0,0,- ,- ,,,ALAMEDA,BERKELEY,-122.2915532,37.8522148
6083610,2013,2/22/14,103,4/23/13,1034,144,31,2,5,6,103,0,0,0,,0,14,SAN PABLO AV,ALLSTON WY,17,,N,A,-,N,,,,,,,,,,Y,4,0,2,2,A,-,3,22350,,N,C,C,A,A,H,-,A,A,0,,,,,Y,,A,1,0,0,2,0,0,0,0,0,0,- ,- ,,,ALAMEDA,BERKELEY,,
6083611,2013,2/21/14,103,4/12/13,1851,98,24,5,5,6,103,0,0,0,,0,18,HEARST AV,HEARST AV 1277,1,S,N,A,-,N,,,,,,,,,,N,2,0,1,1,A,-,16,24002,A,N,H,A,A,A,H,-,A,D,0,,,Y,,Y,,O,5,1,0,0,0,0,0,0,0,1,- ,- ,,,ALAMEDA,BERKELEY,-122.2873664,37.8712244
6083612,2013,2/28/14,103,4/3/13,1734,8,29,3,5,6,103,0,0,0,,0,5,MARTIN LUTHER KING JR WY,BANCROFT WY,0,,Y,A,-,N,,,,,,,,,,N,2,0,1,2,A,-,10,21950,A,N,G,B,B,A,H,-,A,A,0,Y,,,,Y,,A,1,1,0,0,0,1,0,0,0,0,- ,- ,,,ALAMEDA,BERKELEY,-122.2724832,37.8669949
6083614,2013,2/22/14,103,4/23/13,1905,10,35,2,5,6,103,0,0,0,,0,10,ADELINE ST,ASHBY AV,0,,Y,A,-,N,,,,,,,,,,N,4,0,1,2,A,-,8,22101,D,N,B,G,A,A,H,-,A,A,0,,Y,,,Y,,A,1,0,0,1,0,0,0,1,0,0,- ,- ,,,ALAMEDA,BERKELEY,-122.2692231,37.8546349
6083615,2013,2/21/14,103,4/13/13,250,129,15,6,5,6,103,0,0,0,,0,2,CRAGMONT AV,MARIN AV,110,S,N,A,-,N,,,,,,,,,,Y,3,0,1,3,A,-,8,22107,,N,B,C,A,A,H,-,D,D,0,,,,,Y,Y,A,1,0,1,0,0,0,0,0,0,0,- ,- ,,,ALAMEDA,BERKELEY,-122.2662785,37.8938688
6083616,2013,2/28/14,103,4/3/13,1739,73,19,3,5,6,103,0,0,0,,0,17,SAN PABLO AV,GILMAN ST,119,N,N,A,-,N,,,,,,,,,,N,4,0,1,2,A,-,4,21703,,N,C,C,A,A,H,-,A,A,0,,,,,Y,,A,1,0,0,1,0,0,0,0,0,0,- ,- ,,,ALAMEDA,BERKELEY,-122.2959876,37.8807832
6083618,2013,2/22/14,103,4/23/13,1556,8,29,2,5,6,103,0,0,0,,0,5,ALLSTON ST,MARTIN LUTHER KING JR WY,225,,N,A,-,N,,,,,,,,,,N,4,0,1,2,A,-,8,22107,,N,D,C,A,A,H,-,A,D,0,,,Y,,Y,,O,5,0,0,1,0,0,0,0,0,0,- ,- ,,,ALAMEDA,BERKELEY,,
6083619,2013,2/21/14,103,4/12/13,1753,113,29,5,5,6,103,0,0,0,,0,4,CENTER ST,SHATTUCK AV,150,E,N,A,-,N,,,,,,,,,,N,3,0,1,3,-,-,- ,,,F,H,G,A,A,H,-,A,D,0,,Y,,,Y,,-,- ,0,1,0,0,0,0,1,0,0,- ,- ,,,ALAMEDA,BERKELEY,-122.2675696,37.8703981
6083620,2013,2/28/14,103,4/3/13,38,69,39,3,5,6,103,0,0,0,,0,9,ASHBY AV,TELEGRAPH AV,80,W,N,A,-,N,,,,,,,,,,N,2,0,1,2,A,-,11,21456,B,N,G,B,B,A,H,-,C,A,0,Y,,,,Y,Y,N,60,1,0,0,0,1,0,0,0,0,- ,- ,,,ALAMEDA,BERKELEY,-122.2599962,37.8561468
6083622,2013,2/22/14,103,4/23/13,816,37,39,2,5,6,103,0,0,0,,0,9,ASHBY AV,HILLEGASS,0,,Y,A,-,N,,,,,,,,,,N,4,0,1,2,A,-,9,21802,A,N,D,G,A,A,H,-,A,A,0,,Y,,,Y,,L,4,0,0,1,0,0,0,1,0,0,- ,- ,,,ALAMEDA,BERKELEY,-122.2555231,37.8567149
6083623,2013,2/21/14,103,4/15/13,1231,57,39,1,5,6,103,0,0,0,,0,9,COLLEGE AV,WOOLSEY ST,71,N,N,A,-,N,,,,,,,,,,N,2,0,1,1,C,-,18,,,N,H,A,A,A,H,-,A,D,0,,Y,,,Y,,-,- ,1,0,0,0,0,0,1,0,0,- ,- ,,,ALAMEDA,BERKELEY,-122.252764,37.8540693
6083624,2013,2/22/14,103,4/4/13,1035,57,40,4,5,6,103,0,0,0,,0,11,MARTIN LUTHER KING JR WY,PRINCE ST,31,N,N,C,-,N,,,,,,,,,,N,4,0,1,2,A,-,3,22350,,N,C,C,A,B,H,-,A,A,0,,,,,Y,,A,7,0,0,1,0,0,0,0,0,0,- ,- ,,,ALAMEDA,BERKELEY,-122.2709824,37.8525498
6083626,2013,2/22/14,103,4/30/13,843,127,34,2,5,6,103,0,0,0,,0,12,SACRAMENTO ST,WARD ST,0,,Y,A,-,N,,,,,,,,,,N,4,0,1,2,A,-,8,22107,,N,D,G,A,A,H,-,A,A,0,,Y,,,Y,,A,1,0,0,1,0,0,0,1,0,0,- ,- ,,,ALAMEDA,BERKELEY,-122.2801032,37.8577949
6083627,2013,2/21/14,103,4/15/13,958,102,33,1,5,6,103,0,0,0,,0,14,MATHEWS ST,DWIGHT WY,0,,Y,A,-,N,,,,,,,,,,N,4,0,1,2,A,-,9,21802,A,N,D,C,A,A,H,-,A,A,0,,,,,Y,,A,1,0,0,1,0,0,0,0,0,0,- ,- ,,,ALAMEDA,BERKELEY,-122.2873731,37.8613749
6083628,2013,2/21/14,103,4/8/13,1747,57,12,1,5,6,103,0,0,0,,0,1,CONTRA COSTA AV,SOLANO AV,3,N,N,A,-,N,,,,,,,,,,N,3,0,1,2,A,-,9,21804,A,N,H,G,A,A,H,-,A,A,0,,Y,,,Y,,A,1,0,1,0,0,0,0,1,0,0,- ,- ,,,ALAMEDA,BERKELEY,-122.275567,37.8909026
6083630,2013,2/22/14,103,4/17/13,2150,69,21,3,5,6,103,0,0,0,,0,16,UNIVERSITY AV,RT 80,334,E,N,A,-,N,,,,,,,,,,N,4,0,5,3,A,-,3,22350,,N,C,C,A,A,H,-,C,D,0,,,,,Y,,A,1,0,0,5,0,0,0,0,0,0,- ,EO,,,ALAMEDA,BERKELEY,-122.3028426,37.8670159
6083632,2013,3/5/14,103,4/8/13,2022,10,35,1,5,6,103,0,0,0,,0,10,ADELINE ST,OREGON ST,0,,Y,A,-,N,,,,,,,,,,N,4,0,1,3,B,-,22,,,N,H,G,A,A,H,-,C,A,0,,Y,,,Y,,A,1,0,0,1,0,0,0,1,0,0,- ,- ,,,ALAMEDA,BERKELEY,-122.2682932,37.8574349
6083634,2013,2/22/14,103,4/30/13,2148,123,32,2,5,6,103,0,0,0,,0,16,UNIVERSITY AV,8TH ST,42,,N,A,-,N,,,,,,,,,,N,4,0,1,2,A,-,3,22350,,N,C,C,A,A,H,-,C,D,0,,,,,Y,,A,1,0,0,1,0,0,0,0,0,0,- ,- ,,,ALAMEDA,BERKELEY,,
6083636,2013,2/22/14,103,4/6/13,1318,5,28,6,5,6,103,0,0,0,,0,6,BANCROFT WY,DANA ST,0,,Y,B,-,N,,,,,,,,,,N,3,0,1,2,A,-,3,22350,,N,H,G,A,A,H,-,A,D,0,,Y,,,Y,,L,4,0,1,0,0,0,0,1,0,0,- ,- ,,,ALAMEDA,BERKELEY,-122.2614832,37.868425
6083638,2013,2/22/14,103,4/16/13,1911,149,37,2,5,6,103,0,0,0,,0,8,PIEDMONT AV,PIEDMONT AV 2638,0,,-,A,-,N,,,,,,,,,,N,3,0,1,1,A,-,3,22350,,N,E,A,A,A,H,-,A,D,0,,Y,,,Y,,L,4,0,1,0,0,0,0,1,0,0,- ,- ,,,ALAMEDA,BERKELEY,-122.2512925,37.86262054
6083640,2013,2/21/14,103,4/6/13,103,106,18,6,5,6,103,0,0,0,,0,3,HOPKINS ST,CALIFORNIA ST,0,,Y,A,-,N,,,,,,,,,,N,4,0,1,2,-,-,- ,,,N,G,B,B,A,H,-,A,A,0,Y,,,,Y,,-,- ,0,0,1,0,1,0,0,0,0,- ,- ,,,ALAMEDA,BERKELEY,-122.2820431,37.8816449
6083642,2013,2/22/14,103,4/20/13,1831,153,40,6,5,6,103,0,0,0,,0,11,ADELINE ST,HARMON ST,0,,Y,A,-,N,,,,,,,,,,N,4,0,1,2,A,-,21,22106,,N,G,B,D,A,H,-,A,D,0,Y,,,,Y,,A,1,0,0,1,0,1,0,0,0,0,- ,- ,,,ALAMEDA,BERKELEY,-122.2711931,37.849685
6083644,2013,2/21/14,103,4/5/13,1046,113,33,5,5,6,103,0,0,0,,0,13,SACRAMENTO ST,RT 13,0,,Y,A,-,Y,ALA,4,13,-,-,12.76,I,5,N,Y,3,0,1,2,A,-,12,21453,A,F,D,C,A,A,D,-,A,A,0,,,,,Y,,A,1,0,1,0,0,0,0,0,0,0,- ,- ,,,ALAMEDA,BERKELEY,-122.2791928,37.8532697
6083646,2013,2/22/14,103,4/30/13,2020,113,30,2,5,6,103,0,0,0,,0,4,UNIVERSITY AV,MCGEE AV,0,,Y,A,-,N,,,,,,,,,,N,4,0,1,2,A,-,9,21802,A,N,D,C,A,A,H,-,C,A,0,,,,,Y,,A,1,0,0,1,0,0,0,0,0,0,- ,- ,,,ALAMEDA,BERKELEY,-122.2775831,37.8710149
6083648,2013,2/21/14,103,4/8/13,810,101,33,1,5,6,103,0,0,0,,0,13,ASHBY AV,MABEL ST,0,,Y,A,-,Y,ALA,4,13,-,-,13.02,I,5,S,Y,3,0,1,2,A,-,10,21950,A,N,G,B,B,A,H,-,A,A,0,Y,,,,Y,,A,1,0,1,0,0,1,0,0,0,0,- ,- ,,,ALAMEDA,BERKELEY,-122.2838309,37.8527151
6083652,2013,3/5/14,103,4/7/13,742,50,27,7,5,6,103,0,0,0,,0,8,MOSSWOOD RD,PANORAMIC WAY,0,,N,A,-,N,,,,,,,,,,N,3,0,1,3,A,-,8,22107,,N,B,C,A,A,H,-,B,A,0,,,,,Y,,A,1,0,1,0,0,0,0,0,0,0,- ,- ,,,ALAMEDA,BERKELEY,-122.2488731,37.8691549
6083654,2013,2/22/14,103,4/19/13,1205,8,39,5,5,6,103,0,0,0,,0,10,ADELINE ST,EMERSON ST,12,N,N,A,-,N,,,,,,,,,,N,4,0,1,2,A,-,11,21950,B,N,G,B,D,A,H,-,A,D,0,Y,,,,Y,,N,60,0,0,1,0,1,0,0,0,0,- ,- ,,,ALAMEDA,BERKELEY,-122.2693633,37.854227
6083656,2013,2/21/14,103,4/9/13,1747,57,26,2,5,6,103,0,0,0,,0,2,HEARST AV,EUCLID AV,560,W,N,A,-,N,,,,,,,,,,N,3,0,1,2,A,-,8,22107,,N,B,C,A,A,H,-,A,D,0,,,Y,,Y,,A,1,0,1,0,0,0,0,0,0,1,- ,- ,,,ALAMEDA,BERKELEY,-122.2621113,37.8748343
6083660,2013,2/21/14,103,4/11/13,917,37,28,4,5,6,103,0,0,0,,0,7,BANCROFT WY,BOWDITCH WY,216,E,N,A,-,N,,,,,,,,,,N,4,0,1,2,A,-,8,22107,,N,H,G,A,A,H,-,A,A,0,,Y,,,Y,,A,1,0,0,1,0,0,0,1,0,0,- ,- ,,,ALAMEDA,BERKELEY,-122.2562153,37.8691046
6083662,2013,2/22/14,103,4/18/13,1119,50,35,4,5,6,103,0,0,0,,0,5,MILVIA ST,DWIGHT WY,0,,Y,A,-,N,,,,,,,,,,N,4,0,1,2,A,-,8,22107,,N,D,G,A,A,H,-,A,A,0,,Y,,,Y,,A,1,0,0,1,0,0,0,1,0,0,- ,- ,,,ALAMEDA,BERKELEY,-122.2698832,37.8636349
6083664,2013,2/21/14,103,4/12/13,825,112,12,5,5,6,103,0,0,0,,0,2,EUNICE ST,SPRUCE ST,0,,N,A,-,N,,,,,,,,,,N,4,0,2,2,A,-,9,21802,A,N,H,G,A,A,H,-,A,A,0,,Y,,,Y,,A,1,0,0,2,0,0,0,2,0,0,- ,- ,,,ALAMEDA,BERKELEY,-122.2666331,37.8860649
6083668,2013,2/21/14,103,4/9/13,2201,69,23,2,5,6,103,0,0,0,,0,3,HEARST AV,GRANT ST,0,,Y,A,-,N,,,,,,,,,,N,3,0,1,1,A,-,3,22350,,N,H,A,A,A,H,-,C,D,0,,Y,,,Y,,L,4,0,1,0,0,0,0,1,0,0,- ,- ,,,ALAMEDA,BERKELEY,-122.2755032,37.8730249
6083671,2013,2/20/14,103,4/22/13,1738,152,34,1,5,6,103,0,0,0,,0,13,ASHBY AV,MABEL ST,0,,N,A,-,Y,ALA,4,13,-,-,13.03,H,-,S,Y,4,0,1,2,A,-,8,22107,,N,B,C,A,A,H,-,A,A,0,,,,,Y,,A,1,0,0,1,0,0,0,0,0,0,- ,- ,,,ALAMEDA,BERKELEY,-122.2840093,37.8526789
6083672,2013,2/21/14,103,4/11/13,707,127,37,4,5,6,103,0,0,0,,0,11,RT 13,KING ST,0,,Y,A,-,Y,ALA,4,13,-,-,12.5,I,5,S,N,4,0,1,2,A,-,12,21453,A,N,H,G,A,A,H,-,A,A,0,,Y,,,Y,,L,4,0,0,1,0,0,0,1,0,0,- ,- ,,,ALAMEDA,BERKELEY,-122.2744884,37.8538623
6083676,2013,2/21/14,103,4/12/13,1254,37,30,5,5,6,103,0,0,0,,0,3,UNIVERSITY AV,GRANT ST,0,,Y,A,-,N,,,,,,,,,,Y,4,0,1,2,A,-,3,22350,,N,C,C,A,A,H,-,A,A,0,,,,,Y,,A,7,0,0,1,0,0,0,0,0,0,- ,- ,,,ALAMEDA,BERKELEY,-122.2753331,37.8713249
6083679,2013,2/20/14,103,4/22/13,1615,38,18,1,5,6,103,0,0,0,,0,1,THE ALAMEDA,HOPKINS ST,0,,Y,A,-,N,,,,,,,,,,N,3,0,1,2,A,-,9,21801,A,F,G,B,B,A,H,-,A,A,0,Y,,,,Y,,A,1,0,1,0,0,1,0,0,0,0,- ,- ,,,ALAMEDA,BERKELEY,-122.2749531,37.8854249
6083680,2013,2/22/14,103,4/12/13,1324,8,40,5,5,6,103,0,0,0,,0,11,ADELINE ST,ALCATRAZ AV,258,N,N,A,-,N,,,,,,,,,,N,4,0,1,2,A,-,3,22350,,N,C,C,A,A,H,-,A,D,0,,,Y,,Y,,C,6,0,0,1,0,0,0,0,0,0,- ,- ,,,ALAMEDA,BERKELEY,-122.2713129,37.849373
6086143,2013,2/28/14,9370,5/9/13,1920,20447,,4,2,6,103,0,1,1,,2,81,RT 80,UNIVERSITY AV,70,W,N,A,-,Y,ALA,4,80,-,-,5.83,H,-,E,Y,4,0,1,2,A,-,8,22107,,N,E,I,A,A,H,-,A,D,6,,,,,Y,,D,22,0,0,1,0,0,0,0,0,0,- ,- ,37.86655,-122.30456,ALAMEDA,BERKELEY,-122.303593,37.8664649
6086693,2013,2/26/14,9370,5/4/13,1040,20356,,6,1,6,103,0,1,1,,2,81,RT 80,GILMAN ST,950,W,N,A,-,Y,ALA,4,80,-,-,6.44,H,-,E,Y,4,0,3,3,A,-,3,22350,,N,C,C,A,A,H,-,A,D,6,,,,,Y,,A,1,0,0,3,0,0,0,0,0,0,- ,- ,37.87521,-122.306,ALAMEDA,BERKELEY,-122.3059229,37.8741562
6094003,2013,2/24/14,9370,5/24/13,1511,20356,,5,2,6,103,0,1,1,,2,81,RT 80,GILMAN ST,1850,W,N,A,-,Y,ALA,4,80,-,-,7.03,H,-,W,N,4,0,1,2,A,-,3,22350,,N,C,C,A,A,H,-,A,D,6,,,,,Y,,A,1,0,0,1,0,0,0,0,0,0,- ,- ,37.8702,-122.30483,ALAMEDA,BERKELEY,-122.3089188,37.884606
6103456,2013,3/7/14,9370,5/30/13,1900,19985,,4,2,6,103,0,1,1,,2,81,RT 80,GILMAN ST,500,E,N,A,-,Y,ALA,4,80,-,-,6.77,H,-,W,N,4,0,1,2,A,-,7,21658,A,N,C,C,A,A,H,-,A,D,6,,,,,Y,,A,1,0,0,1,0,0,0,0,0,0,- ,- ,37.52464,-122.18275,ALAMEDA,BERKELEY,-122.3080561,37.8807613
6103508,2013,3/7/14,9370,5/28/13,955,20633,,2,1,6,103,0,1,1,,2,81,RT 80,UNIVERSITY AV,120,E,N,A,-,Y,ALA,4,80,-,-,5.85,H,-,W,Y,4,0,2,3,A,-,3,22350,,N,C,C,A,A,H,-,A,D,6,,,,,Y,,A,1,0,0,2,0,0,0,0,0,0,- ,- ,37.86436,-122.36335,ALAMEDA,BERKELEY,-122.3038143,37.8663302
6104739,2013,3/6/14,103,5/6/13,1230,2,24,1,5,6,103,0,0,0,,0,4,SHATTUCK AV,W UNIVERSITY AV,0,,Y,A,-,N,,,,,,,,,,N,4,0,1,2,A,-,3,22350,,N,C,C,A,A,H,-,A,A,0,,,,,Y,,D,82,0,0,1,0,0,0,0,0,0,- ,- ,,,ALAMEDA,BERKELEY,-122.2684632,37.8722149
6104743,2013,3/29/14,103,5/4/13,1156,20,32,6,5,6,103,0,0,0,,0,16,UNIVERSITY AV,10TH ST,0,,Y,A,-,N,,,,,,,,,,N,4,0,1,2,D,-,0,,,N,C,C,A,A,H,-,A,D,0,,,,,Y,,-,- ,0,0,1,0,0,0,0,0,0,- ,- ,,,ALAMEDA,BERKELEY,-122.2933731,37.8689049
6104751,2013,3/1/14,103,5/31/13,1428,20,32,5,5,6,103,0,0,0,,0,15,6TH ST,CHANNING WY,0,,Y,A,-,N,,,,,,,,,,Y,4,0,2,3,A,-,3,22350,,N,D,C,A,A,H,-,A,A,0,,,,,Y,,D,22,0,0,2,0,0,0,0,0,0,- ,- ,,,ALAMEDA,BERKELEY,-122.2957131,37.8617549
6104854,2013,3/27/14,9370,6/1/13,1530,20428,,6,2,6,103,0,1,1,,2,81,RT 80,GILMAN ST,2112,W,N,A,-,Y,ALA,4,80,-,-,6.22,H,-,W,Y,4,0,1,3,A,-,3,22350,,N,C,A,A,A,H,-,A,D,6,,,,,Y,,D,22,0,0,1,0,0,0,0,0,0,- ,- ,37.87225,-122.30558,ALAMEDA,BERKELEY,-122.3053413,37.8710645
6107958,2013,2/22/14,9370,5/29/13,1330,20657,,3,1,6,103,0,1,1,,2,81,RT 80,ASHBY AV,150,E,N,A,-,Y,ALA,4,80,-,-,4.48,H,-,W,N,4,0,1,2,A,-,3,22350,,N,C,C,A,A,H,-,A,D,6,,,,,Y,,A,1,0,0,1,0,0,0,0,0,0,- ,- ,37.50342,-122.17515,ALAMEDA,BERKELEY,-122.2985268,37.8465111
6111284,2013,3/1/14,103,5/6/13,927,152,23,1,5,6,103,0,0,0,,0,3,HEARST AV,HEARST AV 1726,0,,N,A,-,N,,,,,,,,,,N,4,0,2,2,A,-,9,21804,A,N,D,C,A,A,H,-,A,D,0,,,,,Y,,A,1,0,0,2,0,0,0,0,0,0,- ,- ,,,ALAMEDA,BERKELEY,-122.2765517,37.87283496
6111288,2013,3/1/14,103,5/9/13,1811,16,29,4,5,6,103,0,0,0,,0,4,ADDISON ST,MILVIA ST,155,W,N,A,-,N,,,,,,,,,,N,4,0,1,2,A,-,17,22517,,N,B,E,A,A,H,-,A,D,0,,Y,,,Y,,A,1,0,0,1,0,0,0,1,0,0,- ,- ,,,ALAMEDA,BERKELEY,-122.2712231,37.8708254
6111292,2013,1/7/15,103,5/9/13,1552,37,31,4,5,6,103,0,0,0,,0,14,SAN PABLO AV,BANCROFT WY,0,,Y,A,-,N,,,,,,,,,,N,4,0,2,2,A,-,10,21950,A,N,G,B,B,A,H,-,A,A,0,Y,,,,Y,,A,7,0,0,2,0,1,0,0,0,0,- ,- ,,,ALAMEDA,BERKELEY,-122.2908031,37.8646149
6111296,2013,3/1/14,103,5/9/13,1307,160,20,4,5,6,103,0,0,0,,0,15,5TH ST,CHANNING WY,0,,Y,A,-,N,,,,,,,,,,N,3,0,1,2,A,-,12,22450,A,N,H,A,A,A,H,-,A,A,0,,Y,,,Y,,L,4,0,1,0,0,0,0,1,0,0,- ,- ,,,ALAMEDA,BERKELEY,-122.2968631,37.8615248
6111300,2013,3/1/14,103,5/9/13,845,144,37,4,5,6,103,0,0,0,,0,8,CLAREMONT BL,RUSSELL ST,0,,Y,A,-,N,,,,,,,,,,Y,3,0,1,2,A,-,9,21801,A,N,A,C,A,A,H,-,A,D,0,,,Y,,Y,,A,1,0,1,0,0,0,0,0,0,1,- ,- ,,,ALAMEDA,BERKELEY,-122.2453531,37.8589449
6111304,2013,3/1/14,103,5/8/13,1742,50,30,3,5,6,103,0,0,0,,0,5,SACRAMENTO ST,BANCROFT WY,0,,Y,A,-,N,,,,,,,,,,N,3,0,1,2,A,-,8,22107,,F,D,G,A,A,H,-,A,A,0,,Y,,,Y,,-,- ,0,1,0,0,0,0,1,0,0,- ,- ,,,ALAMEDA,BERKELEY,-122.2816431,37.8658049
6111308,2013,3/1/14,103,5/7/13,2023,8,22,2,5,6,103,0,0,0,,0,16,UNIVERSITY AV,10TH ST,0,,Y,A,-,N,,,,,,,,,,N,2,0,1,2,A,-,10,21950,A,N,G,B,B,A,H,-,C,D,0,Y,,,,Y,,A,1,1,0,0,0,1,0,0,0,0,- ,- ,,,ALAMEDA,BERKELEY,-122.2933731,37.8689049
6111311,2013,3/1/14,103,5/18/13,1249,128,39,6,5,6,103,0,0,0,,0,10,ASHBY AV,NEWBURY ST,0,,Y,A,-,N,,,,,,,,,,N,4,0,1,2,A,-,9,21804,A,N,D,C,A,A,H,-,A,D,0,,,,,Y,,A,1,0,0,1,0,0,0,0,0,0,- ,- ,,,ALAMEDA,BERKELEY,-122.2674231,37.8551749
6111312,2013,3/1/14,103,5/13/13,1656,109,39,1,5,6,103,0,0,0,,0,10,WHEELER ST,ASHBY AV,0,,Y,A,-,N,,,,,,,,,,N,4,0,2,2,A,-,9,21802,A,N,D,C,A,A,H,-,A,A,0,,,,,Y,,A,1,0,0,2,0,0,0,0,0,0,- ,- ,,,ALAMEDA,BERKELEY,-122.2645931,37.8555349
6111315,2013,3/1/14,103,5/18/13,1125,20,14,6,5,6,103,0,0,0,,0,1,MARIN AV,TULARE AV,45,E,N,A,-,N,,,,,,,,,,Y,4,0,2,2,A,-,3,22350,,N,C,C,A,A,H,-,A,D,0,,,,,Y,,A,1,0,0,2,0,0,0,0,0,0,- ,- ,,,ALAMEDA,BERKELEY,-122.2818021,37.8894619