CASE_ID,ACCIDENT_YEAR,PROC_DATE,JURIS,COLLISION_DATE,COLLISION_TIME,OFFICER_ID,REPORTING_DISTRICT,DAY_OF_WEEK,CHP_SHIFT,POPULATION,CNTY_CITY_LOC,SPECIAL_COND,BEAT_TYPE,CHP_BEAT_TYPE,CITY_DIVISION_LAPD,CHP_BEAT_CLASS,BEAT_NUMBER,PRIMARY_RD,SECONDARY_RD,DISTANCE,DIRECTION,INTERSECTION,WEATHER_1,WEATHER_2,STATE_HWY_IND,CALTRANS_COUNTY,CALTRANS_DISTRICT,STATE_ROUTE,ROUTE_SUFFIX,POSTMILE_PREFIX,POSTMILE,LOCATION_TYPE,RAMP_INTERSECTION,SIDE_OF_HWY,TOW_AWAY,COLLISION_SEVERITY,NUMBER_KILLED,NUMBER_INJURED,PARTY_COUNT,PRIMARY_COLL_FACTOR,PCF_CODE_OF_VIOL,PCF_VIOL_CATEGORY,PCF_VIOLATION,PCF_VIOL_SUBSECTION,HIT_AND_RUN,TYPE_OF_COLLISION,MVIW,PED_ACTION,ROAD_SURFACE,ROAD_COND_1,ROAD_COND_2,LIGHTING,CONTROL_DEVICE,CHP_ROAD_TYPE,PEDESTRIAN_ACCIDENT,BICYCLE_ACCIDENT,MOTORCYCLE_ACCIDENT,TRUCK_ACCIDENT,NOT_PRIVATE_PROPERTY,ALCOHOL_INVOLVED,STWD_VEHTYPE_AT_FAULT,CHP_VEHTYPE_AT_FAULT,COUNT_SEVERE_INJ,COUNT_VISIBLE_INJ,COUNT_COMPLAINT_PAIN,COUNT_PED_KILLED,COUNT_PED_INJURED,COUNT_BICYCLIST_KILLED,COUNT_BICYCLIST_INJURED,COUNT_MC_KILLED,COUNT_MC_INJURED,PRIMARY_RAMP,SECONDARY_RAMP,LATITUDE,LONGITUDE,COUNTY,CITY,POINT_X,POINT_Y
6202737,2013,4/1/14,103,8/27/13,1851,8,28,2,5,6,103,0,0,0,,0,6,CHANNING WY,ELLSWORTH ST,0,,Y,A,-,N,,,,,,,,,,N,3,0,1,2,A,-,10,21950,A,N,D,B,B,A,H,-,A,D,0,Y,,,,Y,,D,22,0,1,0,0,1,0,0,0,0,- ,- ,,,ALAMEDA,BERKELEY,-122.2633932,37.8663249
6202741,2013,4/1/14,103,8/28/13,1837,125,20,3,5,6,103,0,0,0,,0,18,GILMAN ST,EASTSHORE HWY,0,,Y,A,-,Y,ALA,4,80,-,-,6.79,R,4,E,N,3,0,1,2,A,-,8,22107,,F,D,G,A,A,H,-,A,D,0,,Y,,,Y,,D,22,0,1,0,0,0,0,1,0,0,- ,- ,,,ALAMEDA,BERKELEY,-122.3079032,37.881465
6202749,2013,4/4/14,103,8/30/13,1040,37,24,5,5,6,103,0,0,0,,0,3,UNIVERSITY AV,MILVIA ST,56,E,N,A,-,N,,,,,,,,,,Y,2,0,3,2,A,-,3,22350,,N,C,E,A,A,H,-,A,A,0,,,,Y,Y,,I,10,1,1,1,0,0,0,0,0,0,- ,- ,,,ALAMEDA,BERKELEY,-122.2706132,37.8719463
6202777,2013,4/1/14,103,8/19/13,937,138,37,1,5,6,103,0,0,0,,0,8,CLAREMONT AV,CLAREMONT BL,0,,Y,A,-,N,,,,,,,,,,N,3,0,1,2,D,-,0,,,F,B,G,A,A,H,-,A,D,0,,Y,,,Y,,-,- ,0,1,0,0,0,0,1,0,0,- ,- ,,,ALAMEDA,BERKELEY,-122.2450132,37.8584549
6212745,2013,3/27/14,9370,8/29/13,700,20459,,4,1,6,103,0,1,1,,2,81,RT 80,EAST ASHBY,1372,E,N,A,-,Y,ALA,4,80,-,-,4.84,H,-,E,Y,4,0,1,1,A,-,8,22107,,N,F,A,A,A,H,-,A,D,6,,,Y,,Y,,C,2,0,0,1,0,0,0,0,0,1,- ,- ,37.51984,-122.17586,ALAMEDA,BERKELEY,-122.2999068,37.85322
6213355,2013,4/7/14,9370,9/9/13,800,20630,,1,1,6,103,0,1,1,,2,81,RT 80,UNIVERSITY AV,1000,W,N,A,-,Y,ALA,4,80,-,-,5.65,H,-,W,N,3,0,1,2,A,-,7,21658,A,N,C,D,A,A,H,-,A,D,6,,,Y,,Y,,A,1,0,1,0,0,0,0,0,0,1,- ,- ,37.86326,-122.3026,ALAMEDA,BERKELEY,-122.3030719,37.8637713
6216290,2013,4/2/14,103,8/30/13,1726,85,39,5,5,6,103,0,0,0,,0,8,WOOLSEY ST,COLLEGE AV,0,,Y,A,-,N,,,,,,,,,,N,3,0,1,2,A,-,10,21950,A,N,D,B,B,A,H,-,A,A,0,Y,,,,Y,,A,7,0,1,0,0,1,0,0,0,0,- ,- ,,,ALAMEDA,BERKELEY,-122.2527431,37.8538749
6216294,2013,4/2/14,103,8/29/13,1736,16,29,4,5,6,103,0,0,0,,0,4,UNIVERSITY AV,MILVIA ST,0,,Y,A,-,N,,,,,,,,,,Y,4,0,1,2,A,-,9,21801,A,N,D,C,A,A,H,-,A,A,0,,,Y,,Y,,A,1,0,0,1,0,0,0,0,0,1,- ,- ,,,ALAMEDA,BERKELEY,-122.2708031,37.8719149
6216298,2013,4/2/14,103,8/29/13,1251,160,20,4,5,6,103,0,0,0,,0,15,9TH ST,POTTER ST,0,,Y,A,-,N,,,,,,,,,,N,4,0,1,2,A,-,9,21801,A,N,D,C,A,A,H,-,A,D,0,,,,,Y,,A,1,0,0,1,0,0,0,0,0,0,- ,- ,,,ALAMEDA,BERKELEY,-122.2894932,37.8518749
6216302,2013,4/2/14,103,8/28/13,1900,16,29,3,5,6,103,0,0,0,,0,4,UNIVERSITY AV,WALNUT ST,0,,Y,A,-,N,,,,,,,,,,N,3,0,1,2,A,-,10,21950,A,N,G,B,B,A,H,-,A,D,0,Y,,,,Y,,A,1,0,1,0,0,1,0,0,0,0,- ,- ,,,ALAMEDA,BERKELEY,-122.2670131,37.8723849
6216306,2013,4/2/14,103,8/21/13,1003,40,29,3,5,6,103,0,0,0,,0,4,ADDISON ST,MILVIA ST,0,,Y,A,-,N,,,,,,,,,,N,4,0,1,2,A,-,12,22450,A,N,D,G,A,A,H,-,A,A,0,,Y,,,Y,,L,4,0,0,1,0,0,0,1,0,0,- ,- ,,,ALAMEDA,BERKELEY,-122.2706931,37.8708949
6216502,2013,4/3/14,103,8/2/13,1835,88,24,5,5,6,103,0,0,0,,0,3,SHATTUCK AV,LINCOLN ST,0,,Y,A,-,N,,,,,,,,,,N,4,0,1,2,A,-,10,21950,A,N,G,B,B,A,H,-,A,A,0,Y,,,,Y,,A,1,0,0,1,0,1,0,0,0,0,- ,- ,,,ALAMEDA,BERKELEY,-122.2690832,37.8774949
6216506,2013,4/3/14,103,8/2/13,902,23,39,5,5,6,103,0,0,0,,0,9,TELEGRAPH AV,WEBSTER ST,0,,Y,A,-,N,,,,,,,,,,N,4,0,2,3,A,-,10,21950,A,N,G,B,B,A,H,-,A,A,0,Y,,,,Y,,A,1,0,0,2,0,2,0,0,0,0,- ,- ,,,ALAMEDA,BERKELEY,-122.2598632,37.8551849
6216510,2013,4/3/14,103,8/1/13,1734,109,31,4,5,6,103,0,0,0,,0,16,ADDISON ST,8TH ST,0,,Y,A,-,N,,,,,,,,,,N,2,0,1,2,A,-,10,21950,A,N,A,B,B,A,H,-,A,A,0,Y,,,,Y,,A,1,1,0,0,0,1,0,0,0,0,- ,- ,,,ALAMEDA,BERKELEY,-122.2951731,37.8671449
6216514,2013,4/18/14,103,8/4/13,1124,57,36,7,5,6,103,0,0,0,,0,7,DERBY ST,TELEGRAPH AV,0,,Y,B,-,N,,,,,,,,,,N,4,0,1,2,A,-,3,22350,,N,D,G,A,A,A,H,A,A,0,,Y,,,Y,,-,- ,0,0,1,0,0,0,1,0,0,- ,- ,,,ALAMEDA,BERKELEY,-122.2589831,37.8614149
6216518,2013,4/3/14,103,8/9/13,1900,9,31,5,5,6,103,0,0,0,,0,16,SAN PABLO AV,ALLSTON WY,0,,Y,A,-,Y,ALA,4,123,-,-,2.95,I,5,S,N,4,0,1,2,A,-,10,21950,A,N,G,B,B,A,H,-,A,A,0,Y,,,,Y,,A,1,0,0,1,0,1,0,0,0,0,- ,- ,,,ALAMEDA,BERKELEY,-122.2913807,37.8663184
6216521,2013,4/3/14,103,8/30/13,2108,89,20,5,5,6,103,0,0,0,,0,15,ASHBY AV,7TH ST,0,,Y,A,-,N,,,,,,,,,,Y,3,0,1,2,A,-,12,21453,A,N,A,C,A,A,H,-,C,A,0,,,,,Y,,A,1,0,1,0,0,0,0,0,0,0,- ,- ,,,ALAMEDA,BERKELEY,-122.2911431,37.8509949
6216522,2013,4/3/14,103,8/14/13,1856,125,20,3,5,6,103,0,0,0,,0,17,GILMAN ST,RT 80,0,,Y,A,-,Y,ALA,4,80,-,-,6.79,R,4,E,Y,3,0,1,2,A,-,5,21651,C,N,D,C,A,A,H,-,B,D,0,,Y,,,Y,,L,4,0,1,0,0,0,0,1,0,0,- ,EO,,,ALAMEDA,BERKELEY,-122.3079032,37.881465
6216525,2013,4/3/14,103,8/22/13,1718,10,30,4,5,6,103,0,0,0,,0,13,ASHBY AV,SACRAMENTO ST,0,,Y,A,-,N,,,,,,,,,,N,4,0,1,2,A,-,9,21801,A,N,D,C,A,A,H,-,A,A,0,,,,,Y,,A,1,0,0,1,0,0,0,0,0,0,- ,- ,,,ALAMEDA,BERKELEY,-122.2791131,37.8532749
6216526,2013,4/3/14,103,8/16/13,1536,37,34,5,5,6,103,0,0,0,,0,8,MARTIN LUTHER KING JR WY,ASHBY AV,0,,Y,A,-,Y,ALA,4,13,-,-,12.32,I,5,N,Y,4,0,2,2,A,-,9,21800,A,N,D,C,A,A,H,-,A,A,0,,,,,Y,,A,8,0,0,2,0,0,0,0,0,0,- ,- ,,,ALAMEDA,BERKELEY,-122.2712649,37.8542676
6216529,2013,4/3/14,103,8/22/13,1438,152,33,4,5,6,103,0,0,0,,0,13,ASHBY AV,SAN PABLO AV,0,,Y,A,-,Y,ALA,4,13,-,-,13.17,H,-,N,N,4,0,1,2,A,-,3,22350,,N,C,C,A,A,H,-,A,A,0,,,,,Y,,A,1,0,0,1,0,0,0,0,0,0,- ,- ,,,ALAMEDA,BERKELEY,-122.2865102,37.8521799
6216530,2013,4/3/14,103,8/1/13,1636,152,20,4,5,6,103,0,0,0,,0,15,HEINZ AV,7TH ST,0,,Y,A,-,N,,,,,,,,,,N,4,0,1,2,A,-,10,21950,A,N,G,B,B,A,H,-,A,A,0,Y,,,,Y,,A,1,0,0,1,0,1,0,0,0,0,- ,- ,,,ALAMEDA,BERKELEY,-122.2919531,37.8534849
6216533,2013,4/3/14,103,8/22/13,1445,37,34,4,5,6,103,0,0,0,,0,5,MARTIN LUTHER KING JR WY,BLAKE ST,0,,Y,A,-,N,,,,,,,,,,Y,3,0,3,3,A,-,9,21800,A,N,B,C,A,A,H,-,A,A,0,,,,,Y,,A,1,0,2,1,0,0,0,0,0,0,- ,- ,,,ALAMEDA,BERKELEY,-122.2719931,37.8624649
6216534,2013,4/3/14,103,8/5/13,1321,111,20,1,5,6,103,0,0,0,,0,17,HARRISON ST,SIXTH ST,72,E,N,A,-,N,,,,,,,,,,N,3,0,1,2,A,-,7,21658,A,N,B,G,A,A,H,-,A,D,0,,Y,,,Y,Y,L,4,0,1,0,0,0,0,1,0,0,- ,- ,,,ALAMEDA,BERKELEY,-122.3017208,37.881202
6216537,2013,4/3/14,103,8/25/13,2059,81,35,7,5,6,103,0,0,0,,0,10,STUART ST,ADELINE ST,183,W,N,A,-,N,,,,,,,,,,N,3,0,1,1,A,-,3,22350,,N,A,I,A,A,H,-,D,D,0,,Y,,,Y,,L,4,0,1,0,0,0,0,1,0,0,- ,- ,,,ALAMEDA,BERKELEY,-122.2685584,37.858301
6216538,2013,4/3/14,103,8/6/13,1534,37,40,2,5,6,103,0,0,0,,0,13,BAKER ST,ALCATRAZ ST,0,,Y,A,-,N,,,,,,,,,,N,3,0,1,2,A,-,9,21802,A,N,D,C,A,A,H,-,A,A,0,,,,,Y,,A,1,0,1,0,0,0,0,0,0,0,- ,- ,,,ALAMEDA,BERKELEY,-122.2796031,37.8476449
6216541,2013,4/3/14,103,8/27/13,1544,7,30,2,5,6,103,0,0,0,,0,5,MILVIA ST,HASTE ST,0,,Y,A,-,N,,,,,,,,,,N,4,0,1,2,A,-,12,22450,A,N,D,C,A,A,H,-,A,A,0,,,,,Y,,A,1,0,0,1,0,0,0,0,0,0,- ,- ,,,ALAMEDA,BERKELEY,-122.2699931,37.864555
6216542,2013,4/3/14,103,8/9/13,948,157,25,5,5,6,103,0,0,0,,0,2,EUCLID AV,HILGARD AV,0,,Y,B,-,N,,,,,,,,,,N,3,0,1,2,A,-,4,21703,,N,C,G,A,A,H,-,A,D,0,,Y,,,Y,,L,4,0,1,0,0,0,0,1,0,0,- ,- ,,,ALAMEDA,BERKELEY,-122.2608631,37.8786249
6216545,2013,4/3/14,103,8/28/13,1504,15,30,3,5,6,103,0,0,0,,0,3,UNIVERSITY AV,SACRAMENTO ST,0,,Y,A,-,N,,,,,,,,,,N,2,0,1,2,A,-,8,22107,,N,D,C,A,A,H,-,A,A,0,,,Y,,Y,,A,1,1,0,0,0,0,0,0,0,1,- ,- ,,,ALAMEDA,BERKELEY,-122.2820831,37.8704449
6216546,2013,4/3/14,103,8/9/13,1440,153,28,5,5,6,103,0,0,0,,0,7,DURANT AV,COLLEGE AV,0,,Y,A,-,N,,,,,,,,,,N,3,0,1,2,A,-,8,22107,,N,D,C,A,A,H,-,A,A,0,,,Y,,Y,,A,1,0,1,0,0,0,0,0,0,1,- ,- ,,,ALAMEDA,BERKELEY,-122.2544331,37.8683649
6216550,2013,4/3/14,103,8/9/13,1845,89,35,5,5,6,103,0,0,0,,0,5,SHATTUCK AV,CARLETON ST,0,,Y,A,-,N,,,,,,,,,,Y,3,0,1,2,A,-,7,21658,A,N,B,C,A,A,H,-,A,D,0,,,,,Y,,A,1,0,1,0,0,0,0,0,0,0,- ,- ,,,ALAMEDA,BERKELEY,-122.2671631,37.861245
6216557,2013,4/3/14,103,8/21/13,1454,160,20,3,5,6,103,0,0,0,,0,15,ASHBY AV,7TH ST,54,E,N,A,-,N,,,,,,,,,,N,4,0,1,2,A,-,3,22350,,N,C,C,A,A,H,-,A,A,0,,,,,Y,,A,1,0,0,1,0,0,0,0,0,0,- ,- ,,,ALAMEDA,BERKELEY,-122.2909762,37.8510618
6216558,2013,4/3/14,103,8/5/13,1342,146,37,1,5,6,103,0,0,0,,0,8,TUNNEL RD,DOMINGO ST,60,E,N,A,-,N,,,,,,,,,,Y,3,0,1,1,A,-,8,22107,,N,E,I,A,A,H,-,A,D,0,,,,,Y,,-,- ,0,1,0,0,0,0,0,0,0,- ,- ,,,ALAMEDA,BERKELEY,-122.2436835,37.858031
6216984,2013,3/21/14,103,10/10/13,1210,37,33,4,5,6,103,0,0,0,,0,12,SACRAMENTO ST,STUART ST,0,,Y,A,-,N,,,,,,,,,,Y,4,0,1,2,A,-,9,21801,A,N,F,C,A,A,H,-,A,A,0,,,,,Y,,A,1,0,0,1,0,0,0,0,0,0,- ,- ,,,ALAMEDA,BERKELEY,-122.2799332,37.856915
6217012,2013,6/7/14,103,10/7/13,1305,51,23,1,5,6,103,0,0,0,,0,3,MARTIN LUTHER KING JR WY,CEDAR ST,0,,N,B,-,N,,,,,,,,,,N,4,0,1,2,C,-,18,,,N,B,C,A,D,-,-,-,B,0,,,,,Y,,-,- ,0,0,1,0,0,0,0,0,0,- ,- ,,,ALAMEDA,BERKELEY,-122.2737631,37.8778149
6227307,2013,4/9/14,9370,9/25/13,1625,18954,,3,2,6,103,0,1,1,,2,81,RT 80,ASHBY AV,750,E,N,A,-,Y,ALA,4,80,-,-,4.59,H,-,W,N,4,0,2,5,A,-,3,22350,,N,C,C,A,A,H,-,A,D,6,,,,,Y,,A,1,0,0,2,0,0,0,0,0,0,- ,- ,37.85195,-122.29991,ALAMEDA,BERKELEY,-122.2990473,37.8488507
6227942,2013,4/8/14,9370,9/12/13,1810,20425,,4,2,6,103,0,1,1,,2,81,RT 80,UNIVERSITY AV,1300,W,N,A,-,Y,ALA,4,80,-,-,5.59,H,-,E,N,4,0,1,2,A,-,7,21658,A,M,B,C,A,A,H,-,A,D,6,,,Y,,Y,,-,99,0,0,1,0,0,0,0,0,1,- ,- ,37.51474,-122.18943,ALAMEDA,BERKELEY,-122.3024842,37.8625159
6231417,2013,4/16/14,9370,9/24/13,1721,18864,,2,2,6,103,0,1,1,,2,81,RT 80,ASHBY AV,500,E,N,A,-,Y,ALA,4,80,-,-,4.54,H,-,W,Y,4,0,2,2,A,-,3,22350,,N,C,C,A,A,H,-,A,D,6,,,,,Y,,A,1,0,0,2,0,0,0,0,0,0,- ,- ,37.85368,-122.3002,ALAMEDA,BERKELEY,-122.2988149,37.8477863
6231425,2013,4/16/14,9370,9/15/13,1415,20586,,7,2,6,103,0,1,1,,2,81,RT 80,BUCHANAN ST,846,W,N,A,-,Y,ALA,4,80,-,R,7.44,H,-,E,Y,4,0,2,2,A,-,3,22350,,N,C,C,A,A,H,-,A,D,6,,,,,Y,,A,1,0,0,2,0,0,0,0,0,0,- ,- ,37.15465,-122.54864,ALAMEDA,BERKELEY,-122.3084223,37.8893104
6241693,2013,11/27/13,103,9/19/13,1744,59,29,4,5,6,103,0,0,0,,0,4,CENTER ST,MARTIN LUTHER KING JR WY,0,,Y,A,-,N,,,,,,,,,,N,4,0,1,2,A,-,9,21801,A,N,D,G,A,A,H,-,B,A,0,,Y,,,Y,,J,48,0,0,1,0,0,0,1,0,0,- ,- ,,,ALAMEDA,BERKELEY,-122.2727931,37.869695
6251542,2013,4/15/14,103,9/30/13,1243,144,32,1,5,6,103,0,0,0,,0,4,UNIVERSITY AV,GRANT AV,215,E,N,B,-,N,,,,,,,,,,Y,4,0,1,2,A,-,8,22107,,N,B,C,A,A,H,-,A,D,0,,,,,Y,,-,- ,0,0,1,0,0,0,0,0,0,- ,- ,,,ALAMEDA,BERKELEY,-122.2745987,37.8714241
6251554,2013,4/15/14,103,9/26/13,1719,8,28,4,5,6,103,0,0,0,,0,6,DANA ST,CHANNING WY,0,,Y,A,-,N,,,,,,,,,,N,4,0,1,2,A,-,12,22450,A,N,D,G,A,A,H,-,B,D,0,,Y,,,Y,,L,4,0,0,1,0,0,0,1,0,0,- ,- ,,,ALAMEDA,BERKELEY,-122.2611132,37.8666249
6251922,2013,4/14/14,103,9/10/13,738,101,13,2,5,6,103,0,0,0,,0,1,SONOMA ST,JOSEPHINE ST,0,,Y,A,-,N,,,,,,,,,,N,3,0,1,2,A,-,17,22517,,N,B,G,A,A,H,-,A,D,0,,Y,,,Y,,A,1,0,1,0,0,0,0,1,0,0,- ,- ,,,ALAMEDA,BERKELEY,-122.2757431,37.8851949
6251926,2013,4/14/14,103,9/6/13,2204,111,29,5,5,6,103,0,0,0,,0,5,CHANNING WY,SHATTUCK AV,75,E,N,A,-,N,,,,,,,,,,N,4,0,1,3,A,-,3,22350,,F,C,C,A,A,H,-,C,A,0,,,,,Y,Y,A,1,0,0,1,0,0,0,0,0,0,- ,- ,,,ALAMEDA,BERKELEY,-122.2674398,37.8658194
6251927,2013,4/15/14,103,9/17/13,823,137,35,2,5,6,103,0,0,0,,0,10,MARTIN LUTHER KING JR WY,WARD ST,0,,Y,A,-,N,,,,,,,,,,N,3,0,1,2,A,-,3,22350,,N,C,C,A,A,H,-,A,D,0,,,,,Y,,A,1,0,1,0,0,0,0,0,0,0,- ,- ,,,ALAMEDA,BERKELEY,-122.2716131,37.8588549
6251930,2013,4/14/14,103,9/7/13,2134,9,20,6,5,6,103,0,0,0,,0,17,GILMAN ST,8TH ST,0,,Y,A,-,N,,,,,,,,,,N,3,0,1,2,A,-,10,21950,C,N,G,B,B,A,H,-,C,A,0,Y,,,,Y,,A,1,0,1,0,0,1,0,0,0,0,- ,- ,,,ALAMEDA,BERKELEY,-122.2992632,37.8797949
6251931,2013,4/15/14,103,9/17/13,900,96,29,2,5,6,103,0,0,0,,0,4,SHATTUCK AV,ADDISON ST,0,,Y,A,-,N,,,,,,,,,,N,4,0,1,2,A,-,10,21950,A,N,G,B,B,A,G,H,A,A,0,Y,,,,Y,,A,1,0,0,1,0,1,0,0,0,0,- ,- ,,,ALAMEDA,BERKELEY,-122.2683432,37.871185
6251934,2013,4/14/14,103,9/2/13,1011,138,38,1,5,6,103,0,0,0,,0,8,RT 13,OAKRIDGE RD,0,,Y,A,-,Y,ALA,4,13,-,-,10.54,I,5,N,Y,4,0,1,1,A,-,8,22107,,N,E,I,A,A,H,-,A,D,0,,,,,Y,,A,1,0,0,1,0,0,0,0,0,0,- ,- ,,,ALAMEDA,BERKELEY,-122.2404455,37.8560681
6251935,2013,4/15/14,103,9/18/13,2029,8,20,3,5,6,103,0,0,0,,0,17,GILMAN ST,EASTSHORE HWY,0,,Y,A,-,N,,,,,,,,,,N,3,0,1,2,A,-,11,21954,A,N,G,B,D,A,H,-,C,D,0,Y,,Y,,Y,Y,N,60,0,1,0,0,1,0,0,0,0,- ,- ,,,ALAMEDA,BERKELEY,-122.3064832,37.8783249
6251938,2013,4/14/14,103,9/5/13,1548,125,21,4,5,6,103,0,0,0,,0,17,SAN PABLO AV,VIRGINIA ST,21,N,N,A,-,N,,,,,,,,,,N,4,0,1,2,A,-,3,22350,,N,C,C,A,A,H,-,A,D,0,,,Y,,Y,,C,3,0,0,1,0,0,0,0,0,1,- ,- ,,,ALAMEDA,BERKELEY,-122.2937014,37.8734808
6251939,2013,5/6/14,103,9/19/13,820,40,34,4,5,6,103,0,0,0,,0,4,UNIVERSITY AV,GRANT ST,0,,Y,A,-,N,,,,,,,,,,N,4,0,1,2,A,-,4,21703,,N,C,C,A,A,H,-,A,D,0,,,,,Y,,A,1,0,0,1,0,0,0,0,0,0,- ,- ,,,ALAMEDA,BERKELEY,-122.2753331,37.8713249
6251942,2013,4/16/14,103,9/5/13,1846,137,22,4,5,6,103,0,0,0,,0,18,CHESTNUT ST,HEARST AV,0,,Y,A,-,N,,,,,,,,,,Y,4,0,1,1,A,-,3,22350,,N,E,I,A,A,H,-,A,D,0,,,Y,,Y,,C,2,0,0,1,0,0,0,0,0,1,- ,- ,,,ALAMEDA,BERKELEY,-122.2882732,37.8711049
6251943,2013,5/6/14,103,9/19/13,1507,8,13,4,5,6,103,0,0,0,,0,1,SOLANO AV,COLUSA AV,0,,Y,A,-,N,,,,,,,,,,N,4,0,1,2,A,-,10,21950,A,N,D,B,B,A,H,-,A,D,0,Y,,,,Y,,A,1,0,0,1,0,1,0,0,0,0,- ,- ,,,ALAMEDA,BERKELEY,-122.2799132,37.8913149
6251945,2013,4/17/14,103,9/13/13,1445,8,21,5,5,6,103,0,0,0,,0,16,SAN PABLO AV,HEARST AV,112,N,N,A,-,Y,ALA,4,123,-,-,3.27,H,-,S,Y,4,0,1,2,A,-,3,22350,,N,C,C,A,A,H,-,A,D,0,,,,,Y,,A,7,0,0,1,0,0,0,0,0,0,- ,- ,,,ALAMEDA,BERKELEY,-122.2927937,37.8707341
6251946,2013,4/14/14,103,9/5/13,1822,51,24,4,5,6,103,0,0,0,,0,3,MCGEE AV,UNIVERSITY AV,80,N,N,A,-,N,,,,,,,,,,N,4,0,1,2,A,-,21,22106,,N,G,B,E,A,H,-,A,D,0,Y,,,,Y,,A,1,0,0,1,0,1,0,0,0,0,- ,- ,,,ALAMEDA,BERKELEY,-122.2776087,37.8712338
6251947,2013,5/6/14,103,9/19/13,1614,51,24,4,5,6,103,0,0,0,,0,3,HEARST AV,BONITA AV,75,W,N,A,-,N,,,,,,,,,,N,4,0,1,2,A,-,21,22106,,N,G,B,F,A,H,-,A,D,0,Y,,,,Y,,A,1,0,0,1,0,1,0,0,0,0,- ,- ,,,ALAMEDA,BERKELEY,-122.2723907,37.873447
6251949,2013,4/15/14,103,9/12/13,1857,111,28,4,5,6,103,0,0,0,,0,6,BANCROFT WY,ELLSWORTH ST,75,W,N,A,-,N,,,,,,,,,,N,3,0,2,2,A,-,8,22107,,N,F,C,A,A,H,-,A,D,0,,,Y,,Y,,A,1,0,1,1,0,0,0,0,0,2,- ,- ,,,ALAMEDA,BERKELEY,-122.2640194,37.8681101
6251950,2013,4/14/14,103,9/6/13,802,37,39,5,5,6,103,0,0,0,,0,10,DEAKIN ST,PRINCE ST,0,,Y,A,-,N,,,,,,,,,,N,3,0,1,2,A,-,12,22450,A,N,D,G,A,A,H,-,A,A,0,,Y,,,Y,,L,4,0,1,0,0,0,0,1,0,0,- ,- ,,,ALAMEDA,BERKELEY,-122.2620732,37.8536349
6251953,2013,4/15/14,103,9/12/13,1827,30,25,4,5,6,103,0,0,0,,0,2,HEARST AV,LEROY AV,6,W,N,A,-,N,,,,,,,,,,N,4,0,1,2,A,-,10,21950,A,N,G,B,B,A,H,-,B,D,0,Y,,,,Y,,A,1,0,0,1,0,1,0,0,0,0,- ,- ,,,ALAMEDA,BERKELEY,-122.2583237,37.8752921
6251954,2013,4/14/14,103,9/8/13,10,9,36,7,5,6,103,0,0,0,,0,6,TELEGRAPH AV,PARKER ST,0,,Y,A,-,N,,,,,,,,,,Y,2,0,1,2,A,-,1,23153,A,N,A,B,B,A,H,-,C,A,0,Y,,,,Y,Y,A,1,1,0,0,0,1,0,0,0,0,- ,- ,,,ALAMEDA,BERKELEY,-122.2587331,37.8632649
6251955,2013,5/6/14,103,9/23/13,1412,122,37,1,5,6,103,0,0,0,,0,6,TELEGRAPH AV,CHANNING WY,0,,Y,A,-,N,,,,,,,,,,N,4,0,1,2,A,-,8,22107,,N,B,C,A,A,H,-,A,D,0,,,Y,,Y,,A,1,0,0,1,0,0,0,0,0,1,- ,- ,,,ALAMEDA,BERKELEY,-122.2588231,37.8669149
6251957,2013,4/15/14,103,9/17/13,2004,2,19,2,5,6,103,0,0,0,,0,5,HASTE ST,SHATTUCK AV,0,,Y,A,-,N,,,,,,,,,,Y,4,0,1,2,A,-,12,21453,A,N,D,C,A,A,H,-,C,A,0,,,Y,,Y,,A,1,0,0,1,0,0,0,0,0,1,- ,- ,,,ALAMEDA,BERKELEY,-122.2675731,37.8648649
6251958,2013,4/14/14,103,9/8/13,1502,7,13,7,5,6,103,0,0,0,,0,1,MARIN AV,FRESNO AV,41,W,N,A,-,N,,,,,,,,,,N,4,0,4,2,A,-,3,22350,,N,C,C,A,A,H,-,A,D,0,,,,,Y,,A,1,0,0,4,0,0,0,0,0,0,- ,- ,,,ALAMEDA,BERKELEY,-122.2778874,37.8890597
6251959,2013,4/15/14,103,9/22/13,921,89,22,7,5,6,103,0,0,0,,0,18,VIRGINIA ST,1451VIRGINIA ST,0,,Y,A,-,N,,,,,,,,,,N,3,0,1,1,A,-,- ,,,N,H,J,A,A,H,-,A,D,0,,Y,,,Y,,L,4,0,1,0,0,0,0,1,0,0,- ,- ,,,ALAMEDA,BERKELEY,-122.283631,37.87469249
6251961,2013,4/17/14,103,9/13/13,2327,108,29,5,5,6,103,0,0,0,,0,4,UNIVERSITY AV,MARTIN LUTHER KING JR WY,0,,Y,B,-,N,,,,,,,,,,Y,3,0,1,2,A,-,9,21801,A,N,A,C,A,A,H,-,C,A,0,,,,,Y,,A,1,0,1,0,0,0,0,0,0,0,- ,- ,,,ALAMEDA,BERKELEY,-122.2730231,37.871625
6251962,2013,4/14/14,103,9/3/13,740,37,36,2,5,6,103,0,0,0,,0,10,SHATTUCK AV,BLAKE ST,0,,Y,A,-,N,,,,,,,,,,N,4,0,1,2,A,-,9,21802,A,N,A,G,A,A,H,-,A,A,0,,Y,,,Y,,A,1,0,0,1,0,0,0,1,0,0,- ,- ,,,ALAMEDA,BERKELEY,-122.2673932,37.8630549
6251965,2013,4/15/14,103,9/14/13,1608,57,24,6,5,6,103,0,0,0,,0,3,OXFORD ST,HEARST AV,0,,Y,A,-,N,,,,,,,,,,N,3,0,1,2,A,-,9,21801,A,N,D,G,A,A,H,-,A,A,0,,Y,,,Y,,A,1,0,1,0,0,0,0,1,0,0,- ,- ,,,ALAMEDA,BERKELEY,-122.2664232,37.8741449