CASE_ID,ACCIDENT_YEAR,PROC_DATE,JURIS,COLLISION_DATE,COLLISION_TIME,OFFICER_ID,REPORTING_DISTRICT,DAY_OF_WEEK,CHP_SHIFT,POPULATION,CNTY_CITY_LOC,SPECIAL_COND,BEAT_TYPE,CHP_BEAT_TYPE,CITY_DIVISION_LAPD,CHP_BEAT_CLASS,BEAT_NUMBER,PRIMARY_RD,SECONDARY_RD,DISTANCE,DIRECTION,INTERSECTION,WEATHER_1,WEATHER_2,STATE_HWY_IND,CALTRANS_COUNTY,CALTRANS_DISTRICT,STATE_ROUTE,ROUTE_SUFFIX,POSTMILE_PREFIX,POSTMILE,LOCATION_TYPE,RAMP_INTERSECTION,SIDE_OF_HWY,TOW_AWAY,COLLISION_SEVERITY,NUMBER_KILLED,NUMBER_INJURED,PARTY_COUNT,PRIMARY_COLL_FACTOR,PCF_CODE_OF_VIOL,PCF_VIOL_CATEGORY,PCF_VIOLATION,PCF_VIOL_SUBSECTION,HIT_AND_RUN,TYPE_OF_COLLISION,MVIW,PED_ACTION,ROAD_SURFACE,ROAD_COND_1,ROAD_COND_2,LIGHTING,CONTROL_DEVICE,CHP_ROAD_TYPE,PEDESTRIAN_ACCIDENT,BICYCLE_ACCIDENT,MOTORCYCLE_ACCIDENT,TRUCK_ACCIDENT,NOT_PRIVATE_PROPERTY,ALCOHOL_INVOLVED,STWD_VEHTYPE_AT_FAULT,CHP_VEHTYPE_AT_FAULT,COUNT_SEVERE_INJ,COUNT_VISIBLE_INJ,COUNT_COMPLAINT_PAIN,COUNT_PED_KILLED,COUNT_PED_INJURED,COUNT_BICYCLIST_KILLED,COUNT_BICYCLIST_INJURED,COUNT_MC_KILLED,COUNT_MC_INJURED,PRIMARY_RAMP,SECONDARY_RAMP,LATITUDE,LONGITUDE,COUNTY,CITY,POINT_X,POINT_Y
6251966,2013,4/14/14,103,9/3/13,1901,160,20,2,5,6,103,0,0,0,,0,15,BAY ST,POTTER ST,63,N,N,A,-,N,,,,,,,,,,N,4,0,1,1,A,-,3,22350,,N,H,H,A,A,H,-,B,D,0,,Y,,,Y,,L,4,0,0,1,0,0,0,1,0,0,- ,- ,,,ALAMEDA,BERKELEY,-122.2961186,37.8505801
6251967,2013,5/6/14,103,9/22/13,1617,151,21,7,5,6,103,0,0,0,,0,16,UNIVERSITY AV,6TH ST,0,,Y,A,-,N,,,,,,,,,,N,4,0,2,2,A,-,3,22350,,F,C,C,A,A,H,-,A,A,0,,,,,Y,,A,7,0,0,2,0,0,0,0,0,0,- ,- ,,,ALAMEDA,BERKELEY,-122.2977431,37.8680349
6251969,2013,4/15/14,103,9/13/13,1914,117,39,5,5,6,103,0,0,0,,0,9,ASHBY AV,BENVENUE AV,60,E,N,A,-,Y,ALA,4,13,-,-,11.29,H,-,N,N,4,0,2,1,A,-,3,22350,,N,H,A,A,A,H,-,B,A,0,,Y,,,Y,,L,4,0,0,2,0,0,0,2,0,0,- ,- ,,,ALAMEDA,BERKELEY,-122.2529231,37.857045
6251970,2013,4/14/14,103,9/4/13,1445,150,27,3,5,6,103,0,0,0,,0,7,COLLEGE AV,PARKER ST,300,N,N,A,-,N,,,,,,,,,,N,4,0,1,2,A,-,11,21954,A,N,G,B,E,A,H,-,A,D,0,Y,,,,Y,,N,60,0,0,1,0,1,0,0,0,0,- ,- ,,,ALAMEDA,BERKELEY,-122.2538202,37.8647573
6251971,2013,4/15/14,103,9/20/13,937,64,31,5,5,6,103,0,0,0,,0,18,CURTIS ST,UNIVERSITY AV,0,,Y,A,-,N,,,,,,,,,,N,4,0,2,3,A,-,10,21950,A,N,G,B,B,A,H,-,A,D,0,Y,,,,Y,,A,1,0,0,2,0,2,0,0,0,0,- ,- ,,,ALAMEDA,BERKELEY,-122.2895931,37.8694849
6251973,2013,4/15/14,103,9/14/13,1903,153,27,6,5,6,103,0,0,0,,0,7,BANCROFT WY,COLLEGE AV,87,W,N,A,-,N,,,,,,,,,,N,3,0,1,2,A,-,11,21955,,N,G,B,D,A,H,-,B,D,0,Y,,,,Y,Y,N,60,0,1,0,0,1,0,0,0,0,- ,- ,,,ALAMEDA,BERKELEY,-122.2548804,37.8692848
6251974,2013,4/14/14,103,9/4/13,2151,69,33,3,5,6,103,0,0,0,,0,13,RT 13,MABEL ST,308,E,N,A,-,Y,ALA,4,13,-,-,12.96,H,-,N,N,2,0,1,3,A,-,0,23104,A,N,H,B,F,A,H,-,C,D,0,Y,,,,Y,,A,1,1,0,0,0,1,0,0,0,0,- ,- ,,,ALAMEDA,BERKELEY,-122.2827945,37.852921
6251975,2013,4/15/14,103,9/20/13,1744,85,37,5,5,6,103,0,0,0,,0,7,DURANT AV,TELEGRAPH AV,0,,Y,A,-,N,,,,,,,,,,N,4,0,1,2,A,-,3,22350,,N,C,E,A,A,H,-,A,D,0,,,Y,,Y,,C,2,0,0,1,0,0,0,0,0,1,- ,- ,,,ALAMEDA,BERKELEY,-122.2590331,37.8678649
6251977,2013,4/15/14,103,9/14/13,1830,111,28,6,5,6,103,0,0,0,,0,6,CHANNING WY,DANA ST,0,,Y,A,-,N,,,,,,,,,,N,3,0,2,3,A,-,10,21950,A,N,G,B,B,A,H,-,A,A,0,Y,,,,Y,,A,1,0,2,0,0,2,0,0,0,0,- ,- ,,,ALAMEDA,BERKELEY,-122.2611132,37.8666249
6251979,2013,4/15/14,103,9/20/13,2015,63,36,5,5,6,103,0,0,0,,0,7,DWIGHT WY,REGENT ST,0,,Y,B,-,N,,,,,,,,,,N,3,0,1,2,A,-,11,21954,A,N,G,B,D,A,H,-,C,D,0,Y,,,,Y,,N,60,0,1,0,0,1,0,0,0,0,- ,- ,,,ALAMEDA,BERKELEY,-122.2578231,37.8652049
6251980,2013,4/15/14,103,9/16/13,906,27,22,1,5,6,103,0,0,0,,0,18,RT 123,FRANCISCO ST,8,S,N,A,-,Y,ALA,4,123,-,-,3.39,H,-,N,N,4,0,1,2,A,-,3,22350,,N,C,C,A,A,H,-,A,D,0,,,Y,,Y,,C,2,0,0,1,0,0,0,0,0,1,- ,- ,,,ALAMEDA,BERKELEY,-122.2932154,37.8724349
6251981,2013,4/14/14,103,9/12/13,1159,57,39,4,5,6,103,0,0,0,,0,9,WOOLSEY ST,TELEGRAPH AV,22,W,N,B,-,N,,,,,,,,,,N,3,0,1,2,A,-,17,22517,,N,B,G,A,A,H,-,A,D,0,,Y,,,Y,,A,1,0,1,0,0,0,0,1,0,0,- ,- ,,,ALAMEDA,BERKELEY,-122.260225,37.8529347
6251983,2013,4/15/14,103,9/21/13,1022,64,12,6,5,6,103,0,0,0,,0,12,ASHBY AV,KING ST,0,,Y,C,-,N,,,,,,,,,,N,4,0,1,2,A,-,10,21950,A,F,G,B,B,B,H,-,A,A,0,Y,,,,Y,,A,7,0,0,1,0,1,0,0,0,0,- ,- ,,,ALAMEDA,BERKELEY,-122.2742331,37.8538949
6251985,2013,4/14/14,103,9/8/13,1612,121,32,7,5,6,103,0,0,0,,0,16,UNIVERSITY AV,9TH ST,131,E,N,A,-,N,,,,,,,,,,N,4,0,2,2,A,-,3,22350,,N,C,C,A,A,H,-,A,A,0,,,,,Y,Y,A,1,0,0,2,0,0,0,0,0,0,- ,- ,,,ALAMEDA,BERKELEY,-122.2940233,37.8687738
6251986,2013,4/14/14,103,9/10/13,1912,7,29,2,5,6,103,0,0,0,,0,4,ALLSTON WY,SHATTUCK AV,36,W,N,A,-,N,,,,,,,,,,N,4,0,1,2,A,-,8,22107,,N,B,C,A,A,H,-,B,D,0,,,Y,,Y,,A,1,0,0,1,0,0,0,0,0,1,- ,- ,,,ALAMEDA,BERKELEY,-122.2682258,37.8693567
6251987,2013,4/15/14,103,9/21/13,1925,84,21,6,5,6,103,0,0,0,,0,16,VIRGINIA ST,6TH ST,165,E,N,A,-,N,,,,,,,,,,N,3,0,1,1,A,-,3,22350,,N,H,I,A,A,H,-,B,D,0,,,Y,,Y,Y,C,2,0,1,0,0,0,0,0,0,1,- ,- ,,,ALAMEDA,BERKELEY,-122.2985957,37.8724558
6251989,2013,4/14/14,103,9/12/13,1744,9,32,4,5,6,103,0,0,0,,0,16,6TH ST,ALLSTON WY,0,,Y,A,-,N,,,,,,,,,,N,4,0,1,2,A,-,9,21801,A,N,B,G,A,A,H,-,A,A,0,,Y,,,Y,,L,4,0,0,1,0,0,0,1,0,0,- ,- ,,,ALAMEDA,BERKELEY,-122.2968532,37.8652749
6251990,2013,4/14/14,103,9/2/13,1216,51,23,1,5,6,103,0,0,0,,0,3,UNIVERSITY AV,SACRAMENTO ST,75,E,N,A,-,N,,,,,,,,,,N,4,0,3,3,A,-,21,22106,,N,C,C,A,A,H,-,A,A,0,,,,,Y,,A,1,0,0,3,0,0,0,0,0,0,- ,- ,,,ALAMEDA,BERKELEY,-122.2818271,37.8704798
6251991,2013,4/15/14,103,9/21/13,2253,5,26,6,5,6,103,0,0,0,,0,4,OXFORD ST,ALLSTON WY,0,,Y,A,-,N,,,,,,,,,,N,3,0,1,2,A,-,10,21950,A,N,G,B,B,A,H,-,C,D,0,Y,,,,Y,,A,1,0,1,0,0,1,0,0,0,0,- ,- ,,,ALAMEDA,BERKELEY,-122.2658131,37.8696549
6251993,2013,4/14/14,103,9/10/13,1911,149,38,2,5,6,103,0,0,0,,0,8,TUNNEL RD,THE UPLANDS RD,0,,Y,A,-,Y,ALA,4,13,-,-,10.4,I,5,N,N,3,0,1,2,A,-,8,22107,,N,B,G,A,A,H,-,A,D,0,,Y,,,Y,,A,1,0,1,0,0,0,0,1,0,0,- ,- ,,,ALAMEDA,BERKELEY,-122.2382069,37.8551897
6251994,2013,4/14/14,103,9/18/13,1754,25,33,3,5,6,103,0,0,0,,0,14,CARLETON ST,SAN PABLO AV,0,,Y,A,-,N,,,,,,,,,,N,4,0,1,2,A,-,8,22107,,N,B,C,A,A,H,-,A,D,0,,,,,Y,,A,1,0,0,1,0,0,0,0,0,0,- ,- ,,,ALAMEDA,BERKELEY,-122.2888632,37.8584949
6251995,2013,4/15/14,103,9/15/13,1604,117,39,7,5,6,103,0,0,0,,0,9,COLLEGE AV,ALCATRAZ AV,250,N,N,A,-,N,,,,,,,,,,N,3,0,1,2,A,-,17,22517,,N,B,G,A,A,H,-,A,A,0,,Y,,,Y,,A,1,0,1,0,0,0,0,1,0,0,- ,- ,,,ALAMEDA,BERKELEY,-122.2525511,37.8519396
6251997,2013,7/28/14,103,9/10/13,1222,127,40,2,5,6,103,0,0,0,,0,11,MARTIN LUTHER KING JR WY,RT 13,0,,Y,A,-,Y,ALA,4,13,-,-,12.32,I,5,N,Y,4,0,3,2,A,-,9,21801,A,N,D,C,A,A,H,-,A,A,0,,,,,Y,,A,1,0,0,3,0,0,0,0,0,0,- ,- ,,,ALAMEDA,BERKELEY,-122.2712649,37.8542676
6251998,2013,4/14/14,103,9/18/13,1116,8,39,3,5,6,103,0,0,0,,0,9,TELEGRAPH AV,WEBSTER ST,170,S,N,A,-,N,,,,,,,,,,Y,4,0,1,3,A,-,3,22350,,N,C,C,A,A,H,-,A,A,0,,,,,Y,,A,1,0,0,1,0,0,0,0,0,0,- ,- ,,,ALAMEDA,BERKELEY,-122.2599135,37.8547197
6251999,2013,4/15/14,103,9/15/13,1329,S14,33,7,5,6,103,0,0,0,,0,13,MATHEWS ST,WARD ST,38,N,N,A,-,N,,,,,,,,,,Y,3,0,1,1,A,-,1,23152,A,M,E,I,A,A,H,-,A,D,0,,,,,Y,,A,1,0,1,0,0,0,0,0,0,0,- ,- ,,,ALAMEDA,BERKELEY,-122.2862406,37.8572094
6254105,2013,4/16/14,103,9/24/13,1641,16,29,2,5,6,103,0,0,0,,0,4,MILVIA ST,CENTER ST,0,,Y,A,-,N,,,,,,,,,,N,3,0,1,2,A,-,6,21750,,N,B,G,A,A,H,-,A,A,0,,Y,,,Y,,A,1,0,1,0,0,0,0,1,0,0,- ,- ,,,ALAMEDA,BERKELEY,-122.2706232,37.8699849
6254149,2013,6/13/14,103,9/25/13,1549,130,22,3,5,6,103,0,0,0,,0,6,CHANNING WY,DANA ST,250,W,N,A,-,N,,,,,,,,,,N,4,0,1,2,A,-,8,22100,B,N,D,C,A,A,H,-,A,D,0,,,Y,,Y,,A,1,0,0,1,0,0,0,0,0,1,- ,- ,,,ALAMEDA,BERKELEY,-122.2619678,37.8665125
6254153,2013,4/16/14,103,9/21/13,1132,21,14,6,5,6,103,0,0,0,,0,2,EUCLID AV,EUCLID AV 1178,0,,Y,C,-,N,,,,,,,,,,N,3,0,1,2,A,-,3,22350,,N,B,E,A,B,H,-,A,D,0,,Y,,,Y,,L,4,0,1,0,0,0,0,1,0,0,- ,- ,,,ALAMEDA,BERKELEY,-122.262556,37.88756403
6256332,2013,4/24/14,9370,10/5/13,135,20145,,6,3,6,103,0,1,1,,2,81,RT 80,GILLMAN ST,1200,E,N,A,-,Y,ALA,4,80,-,R,6.94,H,-,E,Y,3,0,2,3,A,-,3,22350,,N,C,C,A,A,H,-,C,D,6,,,,,Y,,A,1,0,1,1,0,0,0,0,0,0,- ,- ,37.88609,-122.30879,ALAMEDA,BERKELEY,-122.3078412,37.880837
6259649,2013,3/28/14,103,10/23/13,854,,,3,5,6,103,0,0,0,,0,,ASHBY AV,BAY ST,162,E,N,B,-,N,,,,,,,,,,Y,3,0,1,2,A,-,8,22107,,F,-,C,A,A,H,-,A,D,0,,,,,Y,,A,1,0,1,0,0,0,0,0,0,0,- ,- ,37.50579,-122.17416,ALAMEDA,BERKELEY,-122.2949723,37.8493928
6260356,2013,4/29/14,9370,10/5/13,1526,20586,,6,2,6,103,0,1,1,,2,81,RT 80,UNIVERSITY AV,956,W,N,A,-,Y,ALA,4,80,-,-,5.66,H,-,W,N,4,0,1,2,A,-,7,21658,A,N,B,C,A,A,H,-,A,D,6,,,Y,,Y,,A,1,0,0,1,0,0,0,0,0,1,- ,- ,37.88056,-122.05687,ALAMEDA,BERKELEY,-122.3031054,37.8638986
6260446,2013,4/29/14,9370,10/17/13,1510,18954,,4,2,6,103,0,1,1,,2,81,RT 80,GILMAN ST,475,W,N,A,-,Y,ALA,4,80,-,-,6.53,H,-,W,Y,3,0,2,3,A,-,3,22350,,N,C,C,A,A,H,-,A,D,6,,,,,Y,,A,1,0,1,1,0,0,0,0,0,0,- ,- ,37.86681,-122.3047,ALAMEDA,BERKELEY,-122.3068043,37.8759242
6260450,2013,4/29/14,9370,10/17/13,945,18954,,4,1,6,103,0,1,1,,2,81,RT 80,ASHBY AV,200,E,N,A,-,Y,ALA,4,80,-,-,4.47,H,-,W,N,4,0,1,2,A,-,3,22350,,N,C,C,A,A,H,-,A,D,6,,,,,Y,,A,1,0,0,1,0,0,0,0,0,0,- ,- ,37.85012,-122.29946,ALAMEDA,BERKELEY,-122.2984762,37.8462987
6268182,2013,5/1/14,9370,10/31/13,1610,20657,,4,2,6,103,0,1,1,,2,81,RT 80,UNIVERSITY AV,800,E,N,A,-,Y,ALA,4,80,-,-,5.49,H,-,W,N,4,0,1,3,A,-,3,22350,,N,C,C,A,A,H,-,A,D,6,,,,,Y,,A,1,0,0,1,0,0,0,0,0,0,- ,- ,37.52914,-122.1817,ALAMEDA,BERKELEY,-122.3025362,37.8617333
6268226,2013,5/8/14,9370,10/23/13,1555,20644,,3,2,6,103,0,1,1,,2,81,RT 80,GILMAN ST,500,W,N,A,-,Y,ALA,4,80,-,-,6.53,H,-,W,N,4,0,2,4,A,-,3,22350,,N,C,C,A,A,H,-,A,D,6,,,,,Y,,D,22,0,0,2,0,0,0,0,0,0,- ,- ,37.52203,-122.18201,ALAMEDA,BERKELEY,-122.3068043,37.8759242
6274614,2013,4/18/14,103,10/30/13,1404,116,28,3,5,6,103,0,0,0,,0,7,BANCROFT WY,BOWDITCH ST,98,W,N,A,-,N,,,,,,,,,,N,3,0,1,2,A,-,17,22517,,N,E,E,A,A,H,-,A,D,0,,Y,,,Y,,D,22,0,1,0,0,0,0,1,0,0,- ,- ,,,ALAMEDA,BERKELEY,-122.2572881,37.8689605
6274616,2013,4/18/14,103,10/28/13,1645,146,33,1,5,6,103,0,0,0,,0,12,SACRAMENTO ST,DERBY ST,22,S,N,A,-,N,,,,,,,,,,Y,4,0,2,2,A,-,1,23152,B,N,C,C,A,A,H,-,A,D,0,,,,,Y,Y,A,1,0,0,2,0,0,0,0,0,0,- ,- ,,,ALAMEDA,BERKELEY,-122.2802714,37.8586453
6274618,2013,4/29/14,103,10/25/13,1612,21,35,5,5,6,103,0,0,0,,0,9,STUART ST,FULTON ST,54,S,N,A,-,N,,,,,,,,,,N,3,0,1,2,D,-,0,,,N,C,G,A,A,H,-,A,D,0,,Y,,,Y,,-,- ,0,1,0,0,0,0,1,0,0,- ,- ,,,ALAMEDA,BERKELEY,-122.2643677,37.8588603
6274621,2013,4/18/14,103,10/23/13,1352,113,29,3,5,6,103,0,0,0,,0,5,MARTIN LUTHER KING JR WY,ALLSTON WY,0,,N,A,-,N,,,,,,,,,,N,4,0,1,2,A,-,3,22350,,N,C,C,A,A,H,-,A,A,0,,,,,Y,,A,1,0,0,1,0,0,0,0,0,0,- ,- ,,,ALAMEDA,BERKELEY,-122.2726832,37.8688049
6274622,2013,4/29/14,103,10/23/13,701,101,36,3,5,6,103,0,0,0,,0,9,TELEGRAPH AV,RT 13,0,,Y,A,-,Y,ALA,4,13,-,-,11.61,I,5,N,Y,4,0,1,2,A,-,9,21801,A,N,D,C,A,A,H,-,B,A,0,,,,,Y,,D,82,0,0,1,0,0,0,0,0,0,- ,- ,,,ALAMEDA,BERKELEY,-122.2587014,37.8563171
6274624,2013,4/18/14,103,10/18/13,1241,37,30,5,5,6,103,0,0,0,,0,5,ALLSTON WY,MARTIN LUTHER KING JR WY,64,S,N,A,-,N,,,,,,,,,,Y,4,0,2,3,A,-,3,22350,,N,C,C,A,A,H,-,A,A,0,,,,,Y,,A,1,0,0,2,0,0,0,0,0,0,- ,- ,,,ALAMEDA,BERKELEY,-122.2729013,37.8687733
6274881,2013,12/3/14,9370,11/4/13,1730,20657,,1,2,6,103,0,1,1,,2,81,RT 80,GILLMAN ST,200,W,N,A,-,Y,ALA,4,80,-,-,6.62,H,-,W,Y,4,0,2,4,A,-,3,22350,,N,C,C,A,A,H,-,B,D,6,,,,,Y,,A,7,0,0,2,0,0,0,0,0,0,- ,- ,37.52382,-122.18257,ALAMEDA,BERKELEY,-122.3073714,37.8777226
6274889,2013,5/23/14,9370,11/6/13,1530,20633,,3,2,6,103,0,1,1,,2,81,RT 80,UNIVERSITY AV,300,E,N,A,-,Y,ALA,4,80,-,-,5.9,H,-,E,Y,3,0,3,6,A,-,3,22350,,N,C,C,A,A,H,-,A,D,6,,,,,Y,,A,7,0,1,2,0,0,0,0,0,0,- ,- ,37.86777,-122.30383,ALAMEDA,BERKELEY,-122.3040288,37.867953
6275541,2013,4/28/14,103,10/9/13,2013,10,40,3,5,6,103,0,0,0,,0,11,MARTIN LUTHER KING JR WY,ASHBY AV,0,,Y,A,-,N,,,,,,,,,,N,3,0,1,2,A,-,11,21956,,N,D,B,E,A,H,-,C,A,0,Y,,,,Y,Y,N,60,0,1,0,0,1,0,0,0,0,- ,- ,,,ALAMEDA,BERKELEY,-122.2711431,37.8542849
6275549,2013,4/28/14,103,10/14/13,830,96,15,1,5,6,103,0,0,0,,0,2,EUCLID AV,CRAGMONT AV,2,N,N,A,-,N,,,,,,,,,,N,3,0,1,2,A,-,12,22450,A,F,H,C,A,A,H,-,A,A,0,,,Y,,Y,,D,22,0,1,0,0,0,0,0,0,1,- ,- ,,,ALAMEDA,BERKELEY,-122.2639596,37.8907671
6275553,2013,4/28/14,103,10/15/13,1053,18,19,2,5,6,103,0,0,0,,0,3,ROSE ST,SACRAMENTO ST,0,,Y,A,-,N,,,,,,,,,,N,3,0,1,2,A,-,8,22107,,N,D,G,A,A,H,-,A,A,0,,Y,,,Y,,D,22,0,1,0,0,0,0,1,0,0,- ,- ,,,ALAMEDA,BERKELEY,-122.2830031,37.8789049
6275760,2013,1/5/15,9370,11/20/13,1745,15258,,3,2,6,103,0,1,1,,2,81,RT 80,E ASHBY AV,850,E,N,B,-,Y,ALA,4,80,-,-,4.61,H,-,W,Y,4,0,2,3,A,-,3,22350,,N,C,C,A,B,H,-,D,D,6,,,,,Y,,D,22,0,0,2,0,0,0,0,0,0,- ,- ,37.85136,-122.29955,ALAMEDA,BERKELEY,-122.2991546,37.8492729
6279721,2013,4/19/14,103,10/17/13,103,104,27,4,5,6,103,0,0,0,,0,7,CHANNING WY,COLLEGE AV,0,,Y,A,-,N,,,,,,,,,,N,4,0,1,1,A,-,3,22350,,N,A,J,A,A,H,-,C,D,0,,Y,,,Y,,L,4,0,0,1,0,0,0,1,0,0,- ,- ,,,ALAMEDA,BERKELEY,-122.2542732,37.867495
6279722,2013,4/19/14,103,10/18/13,932,83,29,5,5,6,103,0,0,0,,0,6,FULTON ST,CHANNING WY,0,,Y,A,-,N,,,,,,,,,,N,4,0,2,2,A,-,9,21802,A,N,D,C,A,A,H,-,A,A,0,,,,,Y,,A,1,0,0,2,0,0,0,0,0,0,- ,- ,,,ALAMEDA,BERKELEY,-122.2656731,37.866045
6279723,2013,4/19/14,103,10/18/13,1024,8,22,5,5,6,103,0,0,0,,0,18,SAN PABLO AV,HEARST ST,142,N,N,A,-,N,,,,,,,,,,N,4,0,1,2,A,-,8,22107,,N,B,B,E,A,H,-,A,D,0,Y,,,,Y,,A,1,0,0,1,0,1,0,0,0,0,- ,- ,,,ALAMEDA,BERKELEY,-122.2928161,37.8708027
6279724,2013,4/19/14,103,10/18/13,1432,57,30,5,5,6,103,0,0,0,,0,4,CALIFORNIA ST,ALLSTON WY,0,,Y,A,-,N,,,,,,,,,,N,3,0,1,2,A,-,9,21802,A,N,D,G,A,A,H,-,A,A,0,,Y,,,Y,,L,4,0,1,0,0,0,0,1,0,0,- ,- ,,,ALAMEDA,BERKELEY,-122.2795031,37.867915
6279725,2013,4/19/14,103,10/18/13,1431,8,22,5,5,6,103,0,0,0,,0,16,UNIVERSITY AV,7TH ST,0,,Y,A,-,N,,,,,,,,,,Y,4,0,1,2,A,-,9,21801,A,N,D,C,A,A,H,-,A,D,0,,,Y,,Y,,A,1,0,0,1,0,0,0,0,0,1,- ,- ,,,ALAMEDA,BERKELEY,-122.2967132,37.8682249
6279726,2013,4/19/14,103,10/18/13,1715,121,34,5,5,6,103,0,0,0,,0,12,ASHBY AV,SACRAMENTO ST,0,,Y,A,-,Y,ALA,4,13,-,-,12.76,I,5,N,N,3,0,1,2,A,-,11,21950,B,N,G,B,D,A,H,-,A,A,0,Y,,,,Y,,N,60,0,1,0,0,1,0,0,0,0,- ,- ,,,ALAMEDA,BERKELEY,-122.2791928,37.8532697
6279727,2013,4/19/14,103,10/18/13,1600,5,26,5,5,6,103,0,0,0,,0,4,OXFORD ST,FRANK SCHIESSINGER WAY,0,,Y,A,-,N,,,,,,,,,,N,4,0,1,2,A,-,12,22450,A,N,B,G,A,A,H,-,A,D,0,,Y,,,Y,,L,4,0,0,1,0,0,0,1,0,0,- ,- ,,,ALAMEDA,BERKELEY,-122.2657695,37.870146
6279728,2013,4/19/14,103,10/19/13,1205,121,40,6,5,6,103,0,0,0,,0,13,ASHBY AV,MABEL ST,395,W,N,A,-,Y,ALA,4,13,-,-,13.09,H,-,S,N,4,0,1,3,A,-,3,22350,,N,C,C,A,A,H,-,A,A,0,,,,,Y,,A,1,0,0,1,0,0,0,0,0,0,- ,- ,,,ALAMEDA,BERKELEY,-122.2850797,37.8524613
6279729,2013,4/19/14,103,10/19/13,1735,110,40,6,5,6,103,0,0,0,,0,11,ALCATRAZ AV,ADELINE ST,0,,Y,A,-,N,,,,,,,,,,N,4,0,1,2,A,-,10,21950,A,N,G,B,B,A,H,-,A,A,0,Y,,,,Y,,A,1,0,0,1,0,1,0,0,0,0,- ,- ,,,ALAMEDA,BERKELEY,-122.2715731,37.848695
6279730,2013,4/19/14,103,10/21/13,948,146,39,1,5,6,103,0,0,0,,0,10,ADELINE ST,ADELLE ST 3215,0,,N,A,-,N,,,,,,,,,,N,3,0,1,2,A,-,17,21663,,N,G,B,F,A,H,-,A,D,0,Y,Y,,,Y,,L,4,0,1,0,0,1,0,0,0,0,- ,- ,,,ALAMEDA,BERKELEY,-122.2708261,37.85010609
6279731,2013,4/19/14,103,10/21/13,1450,96,15,1,5,6,103,0,0,0,,0,2,EUCLID AV,CRYSTAL WY,16,W,N,A,-,N,,,,,,,,,,N,2,0,1,2,A,-,3,22350,,N,H,G,A,A,H,-,A,D,0,,Y,,,Y,,L,4,1,0,0,0,0,0,1,0,0,- ,- ,,,ALAMEDA,BERKELEY,-122.2621623,37.8876454
6279732,2013,6/9/14,103,10/21/13,1455,99,40,1,5,6,103,0,0,0,,0,11,SACRAMENTO ST,ALCATRAZ AV,0,,Y,A,-,N,,,,,,,,,,Y,4,0,3,3,A,-,9,21801,A,N,D,C,A,A,H,-,A,A,0,,,,,Y,,A,1,0,0,3,0,0,0,0,0,0,- ,- ,,,ALAMEDA,BERKELEY,-122.2778832,37.8478649
6279733,2013,4/19/14,103,10/23/13,46,69,13,3,5,6,103,0,0,0,,0,1,THE ALAMEDA,HOPKINS ST,125,N,N,A,-,N,,,,,,,,,,Y,3,0,1,1,A,-,1,23153,A,N,A,I,A,A,H,-,C,A,0,,,,,Y,Y,A,1,0,1,0,0,0,0,0,0,0,- ,- ,,,ALAMEDA,BERKELEY,-122.2752223,37.8856941
6279734,2013,4/19/14,103,10/23/13,1555,8,31,3,5,6,103,0,0,0,,0,15,DWIGHT WY,SAN PABLO AV,0,,Y,A,-,Y,ALA,4,123,-,-,2.57,I,5,N,Y,3,0,1,2,A,-,9,21801,A,N,A,C,A,A,H,-,A,A,0,,,,,Y,,A,1,0,1,0,0,0,0,0,0,0,- ,- ,,,ALAMEDA,BERKELEY,-122.2895457,37.8611364
6279735,2013,4/19/14,103,10/24/13,1254,146,22,4,5,6,103,0,0,0,,0,18,RT 123,DELAWARE ST,46,N,N,A,-,Y,ALA,4,123,-,-,0.335,H,-,N,Y,3,0,1,2,D,-,0,,,N,B,C,A,A,H,-,A,D,0,,,Y,,Y,,-,- ,0,1,0,0,0,0,0,0,1,- ,- ,,,ALAMEDA,BERKELEY,-122.2796754,37.8305192
6279737,2013,4/19/14,103,10/24/13,1533,37,29,4,5,6,103,0,0,0,,0,5,CHANNING WY,SHATTUCK AV,0,,Y,A,-,N,,,,,,,,,,N,4,0,1,2,A,-,1,23153,A,N,C,C,A,A,H,-,A,A,0,,,,,Y,Y,A,1,0,0,1,0,0,0,0,0,0,- ,- ,,,ALAMEDA,BERKELEY,-122.2676931,37.8657749
6279738,2013,4/19/14,103,10/25/13,1142,8,21,5,5,6,103,0,0,0,,0,16,SAN PABLO AV,FRANCISCO ST,0,,Y,A,-,N,,,,,,,,,,N,3,0,2,3,A,-,10,21950,A,N,D,B,B,A,H,-,A,D,0,Y,,,,Y,,A,8,0,1,1,0,2,0,0,0,0,- ,- ,,,ALAMEDA,BERKELEY,-122.2933932,37.8725749
6279739,2013,4/19/14,103,10/26/13,1559,57,29,6,5,6,103,0,0,0,,0,5,CHANNING WY,SHATTUCK AV,0,,Y,A,-,N,,,,,,,,,,N,4,0,1,2,A,-,9,21801,A,F,D,G,A,A,H,-,A,A,0,,Y,,,Y,,A,1,0,0,1,0,0,0,1,0,0,- ,- ,,,ALAMEDA,BERKELEY,-122.2676931,37.8657749
6279740,2013,4/19/14,103,10/26/13,1859,106,17,6,5,6,103,0,0,0,,0,1,BERRYMAN ST,HENRY ST,42,W,N,A,-,N,,,,,,,,,,N,3,0,1,2,A,-,21,22106,,N,C,E,A,A,H,-,C,D,0,,,,,Y,,A,1,0,1,0,0,0,0,0,0,0,- ,- ,,,ALAMEDA,BERKELEY,-122.2712678,37.8836418