CASE_ID,ACCIDENT_YEAR,PROC_DATE,JURIS,COLLISION_DATE,COLLISION_TIME,OFFICER_ID,REPORTING_DISTRICT,DAY_OF_WEEK,CHP_SHIFT,POPULATION,CNTY_CITY_LOC,SPECIAL_COND,BEAT_TYPE,CHP_BEAT_TYPE,CITY_DIVISION_LAPD,CHP_BEAT_CLASS,BEAT_NUMBER,PRIMARY_RD,SECONDARY_RD,DISTANCE,DIRECTION,INTERSECTION,WEATHER_1,WEATHER_2,STATE_HWY_IND,CALTRANS_COUNTY,CALTRANS_DISTRICT,STATE_ROUTE,ROUTE_SUFFIX,POSTMILE_PREFIX,POSTMILE,LOCATION_TYPE,RAMP_INTERSECTION,SIDE_OF_HWY,TOW_AWAY,COLLISION_SEVERITY,NUMBER_KILLED,NUMBER_INJURED,PARTY_COUNT,PRIMARY_COLL_FACTOR,PCF_CODE_OF_VIOL,PCF_VIOL_CATEGORY,PCF_VIOLATION,PCF_VIOL_SUBSECTION,HIT_AND_RUN,TYPE_OF_COLLISION,MVIW,PED_ACTION,ROAD_SURFACE,ROAD_COND_1,ROAD_COND_2,LIGHTING,CONTROL_DEVICE,CHP_ROAD_TYPE,PEDESTRIAN_ACCIDENT,BICYCLE_ACCIDENT,MOTORCYCLE_ACCIDENT,TRUCK_ACCIDENT,NOT_PRIVATE_PROPERTY,ALCOHOL_INVOLVED,STWD_VEHTYPE_AT_FAULT,CHP_VEHTYPE_AT_FAULT,COUNT_SEVERE_INJ,COUNT_VISIBLE_INJ,COUNT_COMPLAINT_PAIN,COUNT_PED_KILLED,COUNT_PED_INJURED,COUNT_BICYCLIST_KILLED,COUNT_BICYCLIST_INJURED,COUNT_MC_KILLED,COUNT_MC_INJURED,PRIMARY_RAMP,SECONDARY_RAMP,LATITUDE,LONGITUDE,COUNTY,CITY,POINT_X,POINT_Y
6305419,2013,5/7/14,103,11/13/13,839,116,28,3,5,6,103,0,0,0,,0,6,BANCROFT WY,DANA ST,10,W,N,A,-,N,,,,,,,,,,N,3,0,1,2,A,-,10,21950,A,N,G,B,B,A,H,-,A,A,0,Y,,,,Y,,A,1,0,1,0,0,1,0,0,0,0,- ,- ,,,ALAMEDA,BERKELEY,-122.2615175,37.8684208
6305423,2013,5/7/14,103,11/13/13,856,96,25,3,5,6,103,0,0,0,,0,2,EUCLID AV,LE CONTE AV,0,,Y,A,-,N,,,,,,,,,,N,4,0,1,2,A,-,10,21950,A,N,G,B,B,A,H,-,A,A,0,Y,,,,Y,,A,1,0,0,1,0,1,0,0,0,0,- ,- ,,,ALAMEDA,BERKELEY,-122.2605231,37.8769449
6305427,2013,5/7/14,103,11/13/13,1345,137,32,3,5,6,103,0,0,0,,0,16,7TH ST,UNIVERSITY AV,0,,Y,A,-,N,,,,,,,,,,N,4,0,1,2,A,-,12,22450,A,N,D,C,A,A,H,-,A,D,0,,,,,Y,,A,1,0,0,1,0,0,0,0,0,0,- ,- ,,,ALAMEDA,BERKELEY,-122.2967132,37.8682249
6305428,2013,5/7/14,103,11/1/13,1212,8,20,5,5,6,103,0,0,0,,0,16,2ND ST,HEARST AV,392,S,N,A,-,N,,,,,,,,,,Y,3,0,2,2,A,-,1,23152,A,N,D,C,A,A,H,-,A,D,0,,,,,Y,Y,A,1,0,1,1,0,0,0,0,0,0,- ,- ,,,ALAMEDA,BERKELEY,-122.3022553,37.86736
6305432,2013,5/7/14,103,11/2/13,1003,128,29,6,5,6,103,0,0,0,,0,5,SHATTUCK AV,HASTE ST,0,,Y,A,-,N,,,,,,,,,,N,4,0,1,2,D,-,0,,,F,D,C,A,A,H,-,B,D,0,,,,,Y,,-,- ,0,0,1,0,0,0,0,0,0,- ,- ,,,ALAMEDA,BERKELEY,-122.2675731,37.8648649
6305436,2013,5/7/14,103,11/2/13,858,57,28,6,5,6,103,0,0,0,,0,7,BOWDITCH ST,HASTE ST,119,N,N,B,-,N,,,,,,,,,,N,4,0,1,2,A,-,17,22517,,N,B,G,A,A,H,-,A,D,0,,Y,,,Y,,A,7,0,0,1,0,0,0,1,0,0,- ,- ,,,ALAMEDA,BERKELEY,-122.2564513,37.8666274
6305440,2013,5/7/14,103,11/2/13,1937,129,17,6,5,6,103,0,0,0,,0,2,ROSE ST,WALNUT ST,0,,N,A,-,N,,,,,,,,,,N,3,0,1,2,A,-,10,21950,A,N,G,B,B,A,H,-,C,D,0,Y,,,,Y,,A,1,0,1,0,0,1,0,0,0,0,- ,- ,,,ALAMEDA,BERKELEY,-122.2684431,37.8821649
6305883,2013,12/3/14,103,11/27/13,1627,8,24,3,5,6,103,0,0,0,,0,3,UNIVERSITY AV,OXFORD ST,96,W,N,A,-,N,,,,,,,,,,Y,4,0,1,2,A,-,3,22350,,N,B,E,A,A,H,-,B,D,0,,,,,Y,,A,1,0,0,1,0,0,0,0,0,0,- ,- ,,,ALAMEDA,BERKELEY,-122.2665426,37.8724379
6305888,2013,5/7/14,103,11/16/13,2352,111,29,6,5,6,103,0,0,0,,0,5,CHANNING WY,SHATTUCK AV,38,E,N,A,-,N,,,,,,,,,,N,2,0,1,2,A,-,11,21456,B,N,G,B,B,A,H,-,C,A,0,Y,,,,Y,,N,60,1,0,0,0,1,0,0,0,0,- ,- ,,,ALAMEDA,BERKELEY,-122.2675661,37.8658022
6305892,2013,5/7/14,103,11/17/13,1749,28,39,7,5,6,103,0,0,0,,0,10,ADELINE ST,ESSEX ST,0,,Y,A,-,N,,,,,,,,,,N,3,0,1,2,A,-,11,21954,A,N,G,B,E,A,H,-,C,A,0,Y,,,,Y,Y,N,60,0,1,0,0,1,0,0,0,0,- ,- ,,,ALAMEDA,BERKELEY,-122.2697032,37.8533949
6305896,2013,5/7/14,103,11/16/13,1214,157,17,6,5,6,103,0,0,0,,0,1,HENRY ST,EUNICE ST,80,S,N,A,-,N,,,,,,,,,,N,4,0,1,2,A,-,3,22350,,N,C,C,A,A,H,-,A,A,0,,,,,Y,,A,1,0,0,1,0,0,0,0,0,0,- ,- ,,,ALAMEDA,BERKELEY,-122.2712912,37.8852559
6305900,2013,5/7/14,103,11/15/13,1534,28,40,5,5,6,103,0,0,0,,0,13,SACRAMENTO ST,ALCATRAZ AV,0,,Y,A,-,N,,,,,,,,,,N,4,0,1,2,A,-,11,21950,B,N,G,B,B,A,H,-,A,A,0,Y,,,,Y,,N,60,0,0,1,0,1,0,0,0,0,- ,- ,,,ALAMEDA,BERKELEY,-122.2778832,37.8478649
6305904,2013,6/5/14,103,11/15/13,1926,106,17,5,5,6,103,0,0,0,,0,2,HENRY ST,ROSE ST,0,,Y,A,-,N,,,,,,,,,,Y,4,0,1,2,A,-,9,21801,A,N,A,C,A,A,H,-,C,A,0,,,,,Y,,A,1,0,0,1,0,0,0,0,0,0,- ,- ,,,ALAMEDA,BERKELEY,-122.2706731,37.8818649
6305908,2013,5/5/14,103,11/16/13,100,55,16,6,5,6,103,0,0,0,,0,2,LA LOMA AV,LA VEREDA RD,0,,Y,A,-,N,,,,,,,,,,N,4,0,2,2,A,-,3,22350,,N,C,C,A,A,H,-,C,A,0,,,,,Y,,A,1,0,0,2,0,0,0,0,0,0,- ,- ,,,ALAMEDA,BERKELEY,-122.2580931,37.8804949
6305912,2013,5/5/14,103,11/19/13,43,36,40,2,5,6,103,0,0,0,,0,11,MARTIN LUTHER KING JR WY,ADELLE ST,0,,Y,A,-,N,,,,,,,,,,N,3,0,1,1,A,-,3,22350,,N,H,I,A,A,H,-,C,A,0,,,Y,,Y,,C,2,0,1,0,0,0,0,0,0,1,- ,- ,,,ALAMEDA,BERKELEY,-122.2707081,37.85084878
6305916,2013,5/5/14,103,11/19/13,1632,8,28,2,5,6,103,0,0,0,,0,6,DANA ST,DWIGHT WY,0,,Y,C,-,N,,,,,,,,,,N,3,0,1,2,A,-,9,21804,A,N,D,G,A,B,H,-,B,A,0,,Y,,,Y,,L,4,0,1,0,0,0,0,1,0,0,- ,- ,,,ALAMEDA,BERKELEY,-122.2607331,37.8648349
6305920,2013,5/5/14,103,11/18/13,1713,160,20,1,5,6,103,0,0,0,,0,15,7TH ST,PARKER ST,0,,Y,A,-,N,,,,,,,,,,N,4,0,1,2,A,-,3,22350,,N,C,C,A,A,H,-,C,A,0,,,,,Y,,A,1,0,0,1,0,0,0,0,0,0,- ,- ,,,ALAMEDA,BERKELEY,-122.2935331,37.8584249
6305921,2013,5/5/14,103,11/18/13,1148,146,22,1,5,6,103,0,0,0,,0,14,UNIVERSITY AV,ACTON ST,0,,Y,A,-,N,,,,,,,,,,Y,3,0,1,2,A,-,12,21453,A,N,D,C,A,A,H,-,A,A,0,,,,,Y,,A,1,0,1,0,0,0,0,0,0,0,- ,- ,,,ALAMEDA,BERKELEY,-122.2843231,37.8701649
6305925,2013,5/5/14,103,11/21/13,1734,8,40,4,5,6,103,0,0,0,,0,11,FAIRVIEW ST,ADELINE ST,44,W,N,A,-,N,,,,,,,,,,N,4,0,1,2,A,-,8,22107,,N,D,G,A,A,H,-,C,D,0,,Y,,,Y,,A,7,0,0,1,0,0,0,1,0,0,- ,- ,,,ALAMEDA,BERKELEY,-122.2710038,37.8506361
6305929,2013,5/14/14,103,11/20/13,1755,16,30,3,5,6,103,0,0,0,,0,4,UNIVERSITY AV,S GRANT ST,0,,Y,B,-,N,,,,,,,,,,N,4,0,1,2,A,-,9,21804,A,N,D,C,A,B,H,-,C,A,0,,Y,,,Y,,L,4,0,0,1,0,0,0,1,0,0,- ,- ,,,ALAMEDA,BERKELEY,-122.2753331,37.8713249
6305933,2013,5/5/14,103,11/20/13,1803,2,30,3,5,6,103,0,0,0,,0,4,UNIVERSITY AV,GRANT ST,0,,Y,B,-,N,,,,,,,,,,N,4,0,1,2,A,-,3,22350,,N,C,C,A,B,H,-,C,A,0,,,,,Y,Y,A,1,0,0,1,0,0,0,0,0,0,- ,- ,,,ALAMEDA,BERKELEY,-122.2753331,37.8713249
6305937,2013,5/5/14,103,11/20/13,1812,8,29,3,5,6,103,0,0,0,,0,4,OXFORD ST,ALLSTON WY,0,,Y,C,-,N,,,,,,,,,,N,4,0,1,2,A,-,9,21801,A,N,H,C,A,B,H,-,B,D,0,,,Y,,Y,,A,1,0,0,1,0,0,0,0,0,1,- ,- ,,,ALAMEDA,BERKELEY,-122.2658131,37.8696549
6305941,2013,5/5/14,103,11/21/13,1126,18,22,4,5,6,103,0,0,0,,0,18,ACTON ST,UNIVERSITY AV,0,,Y,A,-,N,,,,,,,,,,N,3,0,1,2,B,-,22,,,F,D,G,A,A,H,-,A,A,0,,Y,,,Y,,A,1,0,1,0,0,0,0,1,0,0,- ,- ,,,ALAMEDA,BERKELEY,-122.2843231,37.8701649
6305945,2013,5/5/14,103,11/23/13,1443,156,20,6,5,6,103,0,0,0,,0,17,HARRISON ST,5TH ST,0,,Y,A,-,N,,,,,,,,,,N,3,0,1,2,A,-,10,21950,A,N,G,B,B,A,H,-,A,A,0,Y,,,,Y,,A,1,0,1,0,0,1,0,0,0,0,- ,- ,,,ALAMEDA,BERKELEY,-122.3031431,37.8809149
6305949,2013,5/5/14,103,11/22/13,1259,8,25,5,5,6,103,0,0,0,,0,2,HEARST AV,SPRUCE ST,1,E,N,A,-,N,,,,,,,,,,N,3,0,1,2,A,-,10,21950,A,N,G,B,B,A,H,-,A,D,0,Y,,,,Y,,A,7,0,1,0,0,1,0,0,0,0,- ,- ,,,ALAMEDA,BERKELEY,-122.2654498,37.8742655
6305953,2013,5/5/14,103,11/24/13,1809,84,32,7,5,6,103,0,0,0,,0,15,DWIGHT WY,10TH ST,0,,Y,A,-,N,,,,,,,,,,N,4,0,1,2,A,-,9,21802,A,N,D,C,A,A,H,-,C,D,0,,,,,Y,,A,1,0,0,1,0,0,0,0,0,0,- ,- ,,,ALAMEDA,BERKELEY,-122.2907931,37.8608549
6305957,2013,5/5/14,103,11/27/13,1251,100,17,3,5,6,103,0,0,0,,0,1,SHATTUCK AV,SHATTUCK AV 1444,0,,Y,A,-,N,,,,,,,,,,N,4,0,1,2,A,-,9,21802,A,N,G,B,F,A,H,-,A,D,0,Y,,,,Y,,A,1,0,0,1,0,1,0,0,0,0,- ,- ,,,ALAMEDA,BERKELEY,-122.2694555,37.8807757
6305961,2013,5/5/14,103,11/25/13,1802,146,21,1,5,6,103,0,0,0,,0,18,RT 123,PAGE ST,0,,Y,A,-,Y,ALA,4,123,-,-,3.77,I,5,S,N,2,0,1,2,A,-,10,21950,A,N,G,B,B,A,H,-,C,D,0,Y,,,,Y,,A,1,1,0,0,0,1,0,0,0,0,- ,- ,,,ALAMEDA,BERKELEY,-122.2950145,37.8776317
6305965,2013,5/5/14,103,11/25/13,1421,144,34,1,5,6,103,0,0,0,,0,10,MARTIN LUTHER KING JR WY,STUART ST,0,,Y,A,-,N,,,,,,,,,,N,4,0,1,2,A,-,9,21802,A,N,D,C,A,A,H,-,A,D,0,,,,,Y,,A,1,0,0,1,0,0,0,0,0,0,- ,- ,,,ALAMEDA,BERKELEY,-122.2715431,37.8579549
6305969,2013,5/5/14,103,11/25/13,1257,146,20,1,5,6,103,0,0,0,,0,18,EASTSHORE DR,HEARST AV,75,N,N,A,-,N,,,,,,,,,,Y,4,0,1,3,A,-,8,22107,,N,B,E,A,A,H,-,A,D,0,,,,,Y,,A,1,0,0,1,0,0,0,0,0,0,- ,- ,,,ALAMEDA,BERKELEY,-122.303868,37.8685135
6305973,2013,5/5/14,103,11/30/13,1258,21,31,6,5,6,103,0,0,0,,0,18,UNIVERSITY AV,SAN PABLO AV,110,W,N,A,-,N,,,,,,,,,,N,4,0,1,2,A,-,4,21703,,N,C,C,A,A,H,-,A,A,0,,,,,Y,,A,1,0,0,1,0,0,0,0,0,0,- ,- ,,,ALAMEDA,BERKELEY,-122.2926551,37.86906
6305977,2013,5/5/14,103,11/28/13,1815,150,39,4,5,6,103,0,0,0,,0,9,ASHBY AV,TELEGRAPH AV,0,,Y,A,-,N,,,,,,,,,,Y,4,0,2,2,A,-,9,21801,A,N,B,C,A,A,H,-,C,A,0,,,,,Y,,A,1,0,0,2,0,0,0,0,0,0,- ,- ,,,ALAMEDA,BERKELEY,-122.2597231,37.8561849
6305981,2013,5/5/14,103,11/28/13,1211,150,27,4,5,6,103,0,0,0,,0,7,TELEGRAPH AV,HASTE AV,0,,Y,A,-,N,,,,,,,,,,N,3,0,1,2,A,-,8,22107,,F,B,C,A,A,H,-,A,A,0,,,Y,,Y,,A,1,0,1,0,0,0,0,0,0,1,- ,- ,,,ALAMEDA,BERKELEY,-122.2586431,37.8660149
6306576,2013,5/7/14,103,11/28/13,2229,113,38,4,5,6,103,0,0,0,,0,8,CLAREMONT AV,ASHBY AV,0,,Y,A,-,N,,,,,,,,,,N,3,0,1,2,A,-,11,21954,A,N,A,B,D,A,H,-,C,D,0,Y,,,,Y,,N,60,0,1,0,0,1,0,0,0,0,- ,- ,,,ALAMEDA,BERKELEY,-122.2453331,37.8580349
6306584,2013,5/16/14,103,11/26/13,1755,109,23,2,5,6,103,0,0,0,,0,16,SAN PABLO AV,SAN PABLO AV 1706,0,,N,A,-,N,,,,,,,,,,N,4,0,1,2,A,-,17,21663,,N,D,G,A,A,H,-,C,D,0,,Y,,,Y,,L,4,0,0,1,0,0,0,1,0,0,- ,- ,,,ALAMEDA,BERKELEY,-122.2933978,37.87309044
6330490,2013,5/19/14,9370,12/25/13,1710,20657,,3,2,6,103,0,1,1,,2,81,RT 80,UNIVERSITY AV,500,W,N,A,-,Y,ALA,4,80,-,-,5.75,H,-,W,N,4,0,3,2,A,-,3,22350,,N,C,C,A,A,H,-,B,D,6,,,,,Y,,A,1,0,0,3,0,0,0,0,0,0,- ,- ,37.51547,-122.18126,ALAMEDA,BERKELEY,-122.3034155,37.8650481
6330505,2013,5/19/14,9370,12/21/13,1751,20420,,6,2,6,103,0,1,1,,2,81,RT 80,ASHBY AV,883,W,N,A,-,Y,ALA,4,80,-,-,4.41,H,-,W,Y,3,0,1,2,A,-,7,21658,A,N,B,C,A,A,H,-,D,D,6,,,Y,,Y,,A,7,0,1,0,0,0,0,0,0,1,- ,- ,37.84535,-122.29811,ALAMEDA,BERKELEY,-122.2981727,37.8450249
6330514,2013,5/19/14,9370,12/27/13,2020,20155,,5,2,6,103,0,1,1,,2,81,RT 80,GILMAN ST,33,W,N,A,-,Y,ALA,4,80,-,-,6.61,H,-,W,Y,4,0,1,3,A,-,4,21703,,N,C,C,A,A,H,-,C,D,6,,,,,Y,,A,1,0,0,1,0,0,0,0,0,0,- ,- ,37.87817,-122.30729,ALAMEDA,BERKELEY,-122.3073095,37.8775226
6330533,2013,5/19/14,9370,12/21/13,1700,20420,,6,2,6,103,0,1,1,,2,81,RT 80,UNIVERSITY AV,1900,W,N,A,-,Y,SOL,4,80,-,-,5.48,H,-,W,N,4,0,1,2,A,-,3,22350,,N,C,C,A,A,H,-,B,D,6,,,,,Y,,A,1,0,0,1,0,0,0,0,0,0,- ,- ,37.86148,-122.30236,ALAMEDA,BERKELEY,-122.3025027,37.861606
6333952,2013,5/16/14,9370,12/19/13,924,20471,,4,1,6,103,0,1,1,,2,81,RT 80,ASHBY AV,715,E,N,A,-,Y,ALA,4,80,-,-,4.59,H,-,W,Y,4,0,1,4,A,-,3,22350,,N,C,C,A,A,H,-,A,D,6,,,,,Y,,A,7,0,0,1,0,0,0,0,0,0,- ,- ,37.51035,-122.1758,ALAMEDA,BERKELEY,-122.2990473,37.8488507
6333968,2013,5/16/14,9370,12/31/13,1830,20456,,2,2,6,103,0,1,1,,2,81,RT 80,ASHBY AV,400,E,N,A,-,Y,ALA,4,80,-,-,4.66,H,-,E,N,4,0,1,2,A,-,3,22350,,N,C,C,A,A,H,-,B,D,6,,,,,Y,,A,1,0,0,1,0,0,0,0,0,0,- ,- ,37.51037,-122.17565,ALAMEDA,BERKELEY,-122.2992877,37.8509134
6341617,2014,2/12/16,9370,1/8/14,1555,20657,,3,2,6,103,0,1,1,,2,81,RT 80,BUCHANAN ST,1478,W,N,A,-,Y,ALA,4,80,-,R,6.92,H,-,E,Y,4,0,1,5,A,-,7,21658,A,N,B,C,A,A,H,-,A,D,6,,,,,Y,,A,7,0,0,1,0,0,0,0,0,0,- ,- ,37.52598,-122.18297,ALAMEDA,BERKELEY,-122.3081174,37.88215819
6346321,2014,2/12/16,9370,1/17/14,940,20630,,5,1,6,103,0,1,1,,2,81,RT 80,UNIVERSITY AV,1000,W,N,A,-,Y,ALA,4,80,-,-,5.65,H,-,W,Y,4,0,1,2,A,-,3,22350,,N,C,C,A,A,H,-,A,D,6,,,,,Y,,A,1,0,0,1,0,0,0,0,0,0,- ,- ,37.86477,-122.3035,ALAMEDA,BERKELEY,-122.3031517,37.8641716
6346352,2014,2/12/16,9370,1/14/14,1815,15258,,2,2,6,103,0,1,1,,2,81,RT 80,UNIVERSITY AV,450,E,N,A,-,Y,ALA,4,80,-,-,6.015,R,1,E,N,4,0,1,2,A,-,3,22350,,N,C,C,A,A,H,-,D,D,6,,,,,Y,,A,1,0,0,1,0,0,0,0,0,0,- ,- ,32.8681,-122.20389,ALAMEDA,BERKELEY,-122.3044492,37.86930615
6353858,2014,2/12/16,9370,1/14/14,1730,15258,,2,2,6,103,0,1,1,,2,81,RT 80,GILMAN ST,50,W,N,A,-,Y,ALA,4,80,-,-,6.61,H,-,E,Y,4,0,1,3,A,-,3,22350,,N,D,C,A,A,H,-,D,D,6,,,,,Y,,A,1,0,0,1,0,0,0,0,0,0,- ,- ,37.87797,-122.30709,ALAMEDA,BERKELEY,-122.3070654,37.87763969
6364957,2014,2/12/16,9370,1/28/14,930,20657,,2,1,6,103,0,1,1,,2,81,RT 80,UNIVERSITY AV,35,W,N,A,-,Y,ALA,4,80,-,-,5.83,H,-,W,Y,4,0,3,3,A,-,3,22350,,N,C,C,A,A,H,-,A,D,6,,,,,Y,,A,1,0,0,3,0,0,0,0,0,0,- ,- ,37.51596,-122.18136,ALAMEDA,BERKELEY,-122.3038651,37.8666689
6372156,2013,5/30/14,103,12/19/13,2007,130,17,4,5,6,103,0,0,0,,0,3,HOPKINS ST,SACRAMENTO ST,85,E,N,A,-,N,,,,,,,,,,N,4,0,1,2,A,-,3,22350,,N,A,E,A,A,H,-,C,D,0,,,,,Y,,A,1,0,0,1,0,0,0,0,0,0,- ,- ,,,ALAMEDA,BERKELEY,-122.283059,37.8811055
6372165,2013,6/17/14,103,12/18/13,1008,122,36,3,5,6,103,0,0,0,,0,7,TELEGRAPH AV,CARLETON ST,0,,Y,A,-,N,,,,,,,,,,N,4,0,1,2,A,-,3,22350,,N,C,C,A,A,H,-,A,D,0,,,,,Y,,D,22,0,0,1,0,0,0,0,0,0,- ,- ,,,ALAMEDA,BERKELEY,-122.2588631,37.8623349
6372173,2013,6/17/14,103,12/17/13,1455,33,20,2,5,6,103,0,0,0,,0,15,10TH ST,HEINZ AV,0,,Y,A,-,N,,,,,,,,,,N,4,0,2,2,A,-,9,21801,A,N,D,C,A,A,H,-,A,D,0,,,,,Y,,A,1,0,0,2,0,0,0,0,0,0,- ,- ,,,ALAMEDA,BERKELEY,-122.2886231,37.8541449
6372177,2013,5/27/14,103,12/17/13,1132,37,12,2,5,6,103,0,0,0,,0,1,MARIN CIR,ARLINGTON AV,32,E,N,A,-,N,,,,,,,,,,N,4,0,1,2,A,-,9,21800,A,N,D,C,A,A,H,-,A,A,0,,,Y,,Y,,D,22,0,0,1,0,0,0,0,0,1,- ,- ,,,ALAMEDA,BERKELEY,-122.2722784,37.8902801
6372185,2013,6/17/14,103,12/14/13,1224,133,33,6,5,6,103,0,0,0,,0,13,SACRAMENTO ST,ASHBY AV,0,,Y,A,-,N,,,,,,,,,,Y,4,0,2,3,A,-,3,22350,,N,C,C,A,A,H,-,A,D,0,,,,,Y,,A,7,0,0,2,0,0,0,0,0,0,- ,- ,,,ALAMEDA,BERKELEY,-122.2791131,37.8532749
6372213,2013,5/27/14,103,12/4/13,1756,109,20,3,5,6,103,0,0,0,,0,16,UNIVERSITY AV,W FRONTAGE RD,0,,Y,A,-,N,,,,,,,,,,N,4,0,1,2,A,-,9,21802,A,F,D,C,A,A,H,-,D,A,0,,,,,Y,,D,23,0,0,1,0,0,0,0,0,0,- ,- ,,,ALAMEDA,BERKELEY,-122.3056632,37.8664149
6375043,2013,5/27/14,103,12/3/13,1358,101,35,2,5,6,103,0,0,0,,0,5,DWIGHT WY,MILVIA ST,0,,Y,A,-,N,,,,,,,,,,N,4,0,1,2,A,-,11,21956,,N,G,B,E,A,H,-,A,D,0,Y,,,,Y,,N,60,0,0,1,0,1,0,0,0,0,- ,- ,,,ALAMEDA,BERKELEY,-122.2698832,37.8636349
6375044,2013,5/27/14,103,12/20/13,1500,57,17,5,5,6,103,0,0,0,,0,1,ROSE ST,SHATTUCK AV,0,,Y,A,-,N,,,,,,,,,,N,3,0,1,2,A,-,10,21950,A,N,G,B,B,A,H,-,A,A,0,Y,,,,Y,,A,8,0,1,0,0,1,0,0,0,0,- ,- ,,,ALAMEDA,BERKELEY,-122.2695531,37.8820149
6375047,2013,5/27/14,103,12/4/13,851,40,13,3,5,6,103,0,0,0,,0,1,SAN LORENZO AV,COLUSA AV,0,,Y,A,-,N,,,,,,,,,,N,4,0,1,2,A,-,9,21800,A,N,B,G,A,A,H,-,A,A,0,,Y,,,Y,,A,1,0,0,1,0,0,0,1,0,0,- ,- ,,,ALAMEDA,BERKELEY,-122.2818731,37.8941249
6375048,2013,5/27/14,103,12/22/13,1350,24,24,7,5,6,103,0,0,0,,0,3,MARTIN LUTHER KING JR WY,VIRGINIA ST,0,,Y,A,-,N,,,,,,,,,,N,4,0,1,2,A,-,9,21802,A,N,D,C,A,A,H,-,A,D,0,,,,,Y,,A,1,0,0,1,0,0,0,0,0,0,- ,- ,,,ALAMEDA,BERKELEY,-122.2735531,37.8760049
6375051,2013,5/27/14,103,12/6/13,1643,128,23,5,5,6,103,0,0,0,,0,3,SACRAMENTO ST,VIRGINIA ST,0,,Y,B,C,N,,,,,,,,,,N,4,0,1,2,A,-,10,21950,A,F,G,B,B,B,H,-,C,D,0,Y,,,,Y,,A,1,0,0,1,0,1,0,0,0,0,- ,- ,,,ALAMEDA,BERKELEY,-122.2825631,37.8748549
6375052,2013,5/27/14,103,12/22/13,1400,133,22,7,5,6,103,0,0,0,,0,14,CURTIS ST,UNIVERSITY AV,0,,Y,A,-,N,,,,,,,,,,N,4,0,2,2,A,-,3,22350,,N,C,C,A,A,H,-,A,D,0,,,,,Y,,A,1,0,0,2,0,0,0,0,0,0,- ,- ,,,ALAMEDA,BERKELEY,-122.2895931,37.8694849
6375055,2013,5/27/14,103,12/6/13,1936,28,39,5,5,6,103,0,0,0,,0,11,MARTIN LUTHER KING JR WY,PRINCE ST,0,,Y,C,-,N,,,,,,,,,,N,4,0,1,2,A,-,10,21950,A,F,G,B,C,B,H,-,C,A,0,Y,,,,Y,,A,1,0,0,1,0,1,0,0,0,0,- ,- ,,,ALAMEDA,BERKELEY,-122.2709732,37.8524649
6375056,2013,5/27/14,103,12/22/13,2029,84,21,7,5,6,103,0,0,0,,0,16,HEARST ST,6TH ST,0,,Y,A,-,N,,,,,,,,,,N,4,0,1,2,A,-,5,21650,,N,D,G,A,A,H,-,C,A,0,,Y,,,Y,,L,4,0,0,1,0,0,0,1,0,0,- ,- ,,,ALAMEDA,BERKELEY,-122.2981832,37.8693349
6375059,2013,5/27/14,103,12/9/13,1128,99,36,1,5,6,103,0,0,0,,0,9,TELEGRAPH AV,OREGON ST,21,N,N,A,-,N,,,,,,,,,,N,4,0,1,2,A,-,17,22517,,N,H,G,A,A,H,-,A,D,0,,Y,,,Y,,A,8,0,0,1,0,0,0,1,0,0,- ,- ,,,ALAMEDA,BERKELEY,-122.2593647,37.8586623
6375063,2013,5/27/14,103,12/10/13,1133,150,27,2,5,6,103,0,0,0,,0,7,PIEDMONT AV,CHANNING WY,0,,Y,A,-,N,,,,,,,,,,N,4,0,1,2,A,-,3,22350,,N,G,B,B,A,H,-,A,D,0,Y,,,,Y,,A,1,0,0,1,0,1,0,0,0,0,- ,- ,,,ALAMEDA,BERKELEY,-122.2520631,37.8677549
6375064,2013,5/27/14,103,12/24/13,53,155,40,2,5,6,103,0,0,0,,0,11,ALCATRAZ AV,CALIFORNIA ST,113,W,N,A,-,N,,,,,,,,,,Y,4,0,3,3,A,-,8,22107,,N,A,E,A,A,H,-,C,D,0,,,,,Y,,A,1,0,0,3,0,0,0,0,0,0,- ,- ,,,ALAMEDA,BERKELEY,-122.2762388,37.8480914
6375067,2013,5/27/14,103,12/11/13,1640,10,35,3,5,6,103,0,0,0,,0,10,MILVIA ST,WARD ST,0,,Y,A,-,N,,,,,,,,,,N,3,0,1,2,A,-,9,21804,A,N,B,G,A,A,H,-,C,D,0,,Y,,,Y,,A,1,0,1,0,0,0,0,1,0,0,- ,- ,,,ALAMEDA,BERKELEY,-122.2693631,37.8591249
6375068,2013,5/27/14,103,12/26/13,1500,146,20,4,5,6,103,0,0,0,,0,18,GILMAN ST,5TH ST,0,,Y,A,-,N,,,,,,,,,,N,3,0,1,2,A,-,8,22107,,N,B,C,A,A,H,-,A,D,0,,,Y,,Y,,A,1,0,1,0,0,0,0,0,0,1,- ,- ,,,ALAMEDA,BERKELEY,-122.3025231,37.8791449
6375071,2013,5/27/14,103,12/12/13,1349,2,24,4,5,6,103,0,0,0,,0,3,UNIVERSITY AV,SHATTUCK AV,0,,Y,A,-,N,,,,,,,,,,N,4,0,1,1,A,-,- ,,,N,A,I,A,A,H,-,A,A,0,,Y,,,Y,,L,4,0,0,1,0,0,0,1,0,0,- ,- ,,,ALAMEDA,BERKELEY,-122.2684632,37.8722149
6375072,2013,5/27/14,103,12/26/13,1526,113,30,4,5,6,103,0,0,0,,0,5,SACRAMENTO ST,ADDISON ST,0,,Y,A,-,N,,,,,,,,,,N,3,0,1,2,A,-,7,21658,A,F,B,G,A,A,H,-,A,D,0,,Y,,,Y,,-,- ,0,1,0,0,0,0,1,0,0,- ,- ,,,ALAMEDA,BERKELEY,-122.2819832,37.8694349