CASE_ID,ACCIDENT_YEAR,PROC_DATE,JURIS,COLLISION_DATE,COLLISION_TIME,OFFICER_ID,REPORTING_DISTRICT,DAY_OF_WEEK,CHP_SHIFT,POPULATION,CNTY_CITY_LOC,SPECIAL_COND,BEAT_TYPE,CHP_BEAT_TYPE,CITY_DIVISION_LAPD,CHP_BEAT_CLASS,BEAT_NUMBER,PRIMARY_RD,SECONDARY_RD,DISTANCE,DIRECTION,INTERSECTION,WEATHER_1,WEATHER_2,STATE_HWY_IND,CALTRANS_COUNTY,CALTRANS_DISTRICT,STATE_ROUTE,ROUTE_SUFFIX,POSTMILE_PREFIX,POSTMILE,LOCATION_TYPE,RAMP_INTERSECTION,SIDE_OF_HWY,TOW_AWAY,COLLISION_SEVERITY,NUMBER_KILLED,NUMBER_INJURED,PARTY_COUNT,PRIMARY_COLL_FACTOR,PCF_CODE_OF_VIOL,PCF_VIOL_CATEGORY,PCF_VIOLATION,PCF_VIOL_SUBSECTION,HIT_AND_RUN,TYPE_OF_COLLISION,MVIW,PED_ACTION,ROAD_SURFACE,ROAD_COND_1,ROAD_COND_2,LIGHTING,CONTROL_DEVICE,CHP_ROAD_TYPE,PEDESTRIAN_ACCIDENT,BICYCLE_ACCIDENT,MOTORCYCLE_ACCIDENT,TRUCK_ACCIDENT,NOT_PRIVATE_PROPERTY,ALCOHOL_INVOLVED,STWD_VEHTYPE_AT_FAULT,CHP_VEHTYPE_AT_FAULT,COUNT_SEVERE_INJ,COUNT_VISIBLE_INJ,COUNT_COMPLAINT_PAIN,COUNT_PED_KILLED,COUNT_PED_INJURED,COUNT_BICYCLIST_KILLED,COUNT_BICYCLIST_INJURED,COUNT_MC_KILLED,COUNT_MC_INJURED,PRIMARY_RAMP,SECONDARY_RAMP,LATITUDE,LONGITUDE,COUNTY,CITY,POINT_X,POINT_Y
6693082,2014,5/18/16,9370,10/14/14,711,19469,,2,1,6,103,0,1,1,,2,81,RT 80,BUCHANAN ST,75,W,N,B,-,Y,ALA,4,80,-,R,7.19,H,-,W,Y,4,0,1,2,A,-,7,21658,A,N,C,C,A,A,H,-,A,D,6,,,,,Y,,D,22,0,0,1,0,0,0,0,0,0,- ,- ,37.88621,-122.30912,ALAMEDA,BERKELEY,-122.3092197,37.8860769
6693979,2014,5/18/16,9370,10/27/14,1645,20197,,1,2,6,103,0,1,1,,2,81,RT 80,ASHBY AV,500,E,N,A,-,Y,ALA,4,80,-,-,4.67,H,-,W,N,4,0,1,2,A,-,3,22350,,N,C,C,A,A,H,-,A,D,6,,,,,Y,,D,22,0,0,1,0,0,0,0,0,0,- ,- ,37.85212,-122.29995,ALAMEDA,BERKELEY,-122.2994081,37.85057205
6693980,2014,5/18/16,9370,10/27/14,1320,19742,,1,1,6,103,0,1,1,,2,81,RT 80,ASHBY AV,1384,E,N,A,-,Y,ALA,4,80,-,-,4.84,H,-,E,Y,4,0,1,2,A,-,3,22350,,N,C,C,A,A,H,-,A,D,6,,,,,Y,,A,7,0,0,1,0,0,0,0,0,0,- ,- ,37.85293,-122.29959,ALAMEDA,BERKELEY,-122.2998249,37.8529738
6705101,2014,5/18/16,9370,10/30/14,1758,18579,,4,2,6,103,0,1,1,,2,81,RT 80,ASHBY AV,1280,E,N,A,-,Y,ALA,4,80,-,-,4.82,H,-,W,Y,4,0,1,4,A,-,3,22350,,N,C,C,A,A,H,-,A,D,6,,,,,Y,,D,22,0,0,1,0,0,0,0,0,0,- ,- ,37.5109,-122.17594,ALAMEDA,BERKELEY,-122.2999568,37.85265758
6705239,2014,11/20/14,9370,10/30/14,1845,18712,,4,2,6,103,0,1,1,,2,81,RT 80,UNIVERSITY AV,743,W,N,A,-,Y,,,,,,,,,,N,4,0,1,2,A,-,7,21658,A,N,C,C,A,A,H,-,D,D,0,,,,,Y,,A,1,0,0,1,0,0,0,0,0,0,- ,- ,,,ALAMEDA,BERKELEY,,
6705467,2014,5/18/16,9370,11/11/14,1815,20149,,2,2,6,103,0,1,1,,2,81,RT 80,GILMAN ST,1275,W,N,A,-,Y,ALA,4,80,-,-,6.38,H,-,E,Y,4,0,4,3,A,-,3,22350,,N,C,C,A,A,H,-,D,D,6,,,,,Y,,A,8,0,0,4,0,0,0,0,0,0,- ,- ,37.52289,-122.18221,ALAMEDA,BERKELEY,-122.3060548,37.87441904
6707496,2014,12/1/14,103,9/16/14,1509,59,33,2,5,6,103,0,0,0,,0,15,SAN PABLO AV,PARKER ST,0,,Y,A,-,N,,,,,,,,,,N,4,0,1,2,A,-,8,22107,,F,H,J,A,A,H,-,A,D,0,,,Y,,Y,,A,71,0,0,1,0,0,0,0,0,1,- ,- ,,,ALAMEDA,BERKELEY,-122.2890499,37.85930989
6714798,2014,5/6/16,9370,11/15/14,50,20089,,6,3,6,103,0,1,1,,2,81,RT 80,GILMAN ST,800,W,N,A,-,Y,ALA,4,80,-,-,6.47,H,-,E,Y,3,0,5,4,A,-,1,23152,A,N,C,C,A,A,H,-,D,D,6,,,,,Y,Y,A,1,0,3,2,0,0,0,0,0,0,- ,- ,37.52331,-122.18236,ALAMEDA,BERKELEY,-122.3064503,37.87567887
6720396,2014,5/18/16,9370,10/26/14,1200,20519,,7,1,6,103,0,1,1,,2,81,RT 80,GILMAN ST,50,W,N,A,-,Y,ALA,4,80,-,-,6.61,H,-,E,Y,4,0,4,1,A,-,8,22107,,N,E,I,A,A,H,-,A,D,6,,,,,Y,,A,8,0,0,4,0,0,0,0,0,0,- ,- ,37.87837,-122.30713,ALAMEDA,BERKELEY,-122.3070654,37.87763969
6720400,2014,5/18/16,9370,10/24/14,203,20456,,5,3,6,103,0,1,1,,2,81,RT 80,GILMAN ST,197,W,N,A,-,Y,ALA,4,80,-,-,6.64,H,-,W,N,3,0,1,1,A,-,1,23152,A,M,B,I,A,A,H,-,C,D,6,,,,,Y,Y,A,7,0,1,0,0,0,0,0,0,0,- ,- ,37.5239,-122.18266,ALAMEDA,BERKELEY,-122.307395,37.87802389
6734724,2014,12/12/14,103,10/23/14,1827,160,19,4,5,6,103,0,0,0,,0,18,HOPKINS ST,CORNELL AV,36,E,N,A,-,N,,,,,,,,,,N,4,0,1,2,A,-,9,21801,A,N,D,C,A,A,H,-,C,A,0,,,Y,,Y,,A,1,0,0,1,0,0,0,0,0,1,- ,- ,,,ALAMEDA,BERKELEY,-122.2916278,37.87650676
6734728,2014,12/12/14,103,10/22/14,1745,23,29,3,5,6,103,0,0,0,,0,5,DURANT AV,SHATTUCK AV,300,W,N,A,-,N,,,,,,,,,,N,3,0,1,2,A,-,6,21750,,N,D,C,A,A,H,-,B,D,0,,,Y,,Y,,C,2,0,1,0,0,0,0,0,0,1,- ,- ,,,ALAMEDA,BERKELEY,-122.2687565,37.86655981
6734732,2014,12/12/14,103,10/21/14,1849,EDWARDS,40,2,5,6,103,0,0,0,,0,11,ADELINE ST,FAIRVIEW ST,0,,Y,A,-,N,,,,,,,,,,N,4,0,1,3,A,-,- ,,,N,C,D,A,A,H,-,C,A,0,,,,,Y,,A,1,0,0,1,0,0,0,0,0,0,- ,- ,,,ALAMEDA,BERKELEY,-122.2707799,37.85067989
6734736,2014,12/12/14,103,10/20/14,1650,122,23,1,5,6,103,0,0,0,,0,3,UNIVERSITY AV,GRANT ST,0,,Y,A,-,N,,,,,,,,,,N,4,0,1,2,A,-,9,21800,A,N,D,G,A,A,H,-,A,D,0,,Y,,,Y,,A,7,0,0,1,0,0,0,1,0,0,- ,- ,,,ALAMEDA,BERKELEY,-122.2752799,37.87132995
6734740,2014,12/12/14,103,10/20/14,1515,8,11,1,5,6,103,0,0,0,,0,1,WILDCAT CANYON RD,PARK HILLS RD,1320,S,N,A,-,N,,,,,,,,,,Y,3,0,2,1,A,-,3,22350,,N,F,J,A,B,H,-,A,D,0,,,,,Y,,A,1,0,1,1,0,0,0,0,0,0,- ,- ,,,ALAMEDA,BERKELEY,-122.25575,37.896
6734744,2014,6/18/16,103,10/20/14,1211,101,21,1,5,6,103,0,0,0,,0,16,RT 123,HEARST AV,65,S,N,B,-,Y,ALA,4,123,-,-,3.25,H,-,S,N,4,0,1,2,A,-,3,22350,,F,C,C,A,B,H,-,A,D,0,,,,,Y,,-,99,0,0,1,0,0,0,0,0,0,- ,- ,,,ALAMEDA,BERKELEY,-122.29266,37.87046313
6734748,2014,12/12/14,103,10/18/14,1041,128,37,6,5,6,103,0,0,0,,0,8,DERBY ST,ETNA ST,0,,Y,A,-,N,,,,,,,,,,N,3,0,1,2,A,-,9,21801,A,N,D,C,A,A,H,-,A,D,0,,,Y,,Y,,A,1,0,1,0,0,0,0,0,0,1,- ,- ,,,ALAMEDA,BERKELEY,-122.2523899,37.86218
6734751,2014,12/12/14,103,10/31/14,1433,157,14,5,5,6,103,0,0,0,,0,2,MARIN AV,SANTA BARBARA RD,0,,Y,C,-,N,,,,,,,,,,N,3,0,1,2,A,-,21,22106,,N,D,C,A,B,G,-,A,D,0,,,,,Y,,A,1,0,1,0,0,0,0,0,0,0,- ,- ,,,ALAMEDA,BERKELEY,-122.2685299,37.89264
6734752,2014,12/12/14,103,10/15/14,1057,96,39,3,5,6,103,0,0,0,,0,10,ASHBY AV,SHATTUCK AV,38,E,N,B,-,N,,,,,,,,,,N,4,0,2,3,A,-,3,22350,,N,C,C,A,A,H,-,A,A,0,,,,,Y,,A,1,0,0,2,0,0,0,0,0,0,- ,- ,,,ALAMEDA,BERKELEY,-122.2663906,37.85530904
6734755,2014,12/12/14,103,10/30/14,1644,149,28,4,5,6,103,0,0,0,,0,6,CHANNING WY,TELEGRAPH AV,0,W,N,A,-,N,,,,,,,,,,N,3,0,1,2,A,-,8,22107,,N,H,G,A,A,H,-,A,D,0,,Y,,,Y,,A,1,0,1,0,0,0,0,1,0,0,- ,- ,,,ALAMEDA,BERKELEY,-122.2588299,37.86689992
6734756,2014,12/12/14,103,10/14/14,1722,154,38,2,5,6,103,0,0,0,,0,8,TUNNEL RD,OAK RIDGE RD,1,W,N,A,-,N,,,,,,,,,,N,4,0,1,2,A,-,6,21754,,N,B,C,A,A,H,-,A,D,0,,,Y,,Y,,C,2,0,0,1,0,0,0,0,0,1,- ,- ,,,ALAMEDA,BERKELEY,-122.2415123,37.85685202
6734759,2014,12/12/14,103,10/30/14,901,144,18,4,5,6,103,0,0,0,,0,18,GILMAN ST,CORNELL AV,0,,Y,A,-,N,,,,,,,,,,N,3,0,2,2,A,-,9,21802,A,N,H,C,A,A,H,-,A,D,0,,,Y,,Y,,A,1,0,1,1,0,0,0,0,0,1,- ,- ,,,ALAMEDA,BERKELEY,-122.2931899,37.88101989
6734760,2014,12/12/14,103,10/14/14,1641,149,29,2,5,6,103,0,0,0,,0,10,ADELINE ST,FAIRVIEW ST,0,,Y,A,-,N,,,,,,,,,,N,2,0,1,2,A,-,10,21950,A,N,G,B,B,A,H,-,A,D,0,Y,,,,Y,,A,1,1,0,0,0,1,0,0,0,0,- ,- ,,,ALAMEDA,BERKELEY,-122.2707799,37.85067989
6734763,2014,12/12/14,103,10/29/14,808,101,29,3,5,6,103,0,0,0,,0,4,HAROLD WY,KITTREDGE ST,55,N,N,A,-,N,,,,,,,,,,N,4,0,1,2,A,-,21,22106,,N,D,E,A,A,H,-,A,D,0,,,,,Y,,A,1,0,0,1,0,0,0,0,0,0,- ,- ,,,ALAMEDA,BERKELEY,-122.2691485,37.86845938
6734764,2014,12/12/14,103,10/11/14,1811,113,29,6,5,6,103,0,0,0,,0,4,ADDISON ST,SHATTUCK AV,0,,Y,A,-,N,,,,,,,,,,N,4,0,1,2,A,-,12,21453,A,N,D,C,A,A,H,-,A,A,0,,,,,Y,,A,1,0,0,1,0,0,0,0,0,0,- ,- ,,,ALAMEDA,BERKELEY,-122.26828,37.87115
6734767,2014,12/12/14,103,10/28/14,1659,44,20,2,5,6,103,0,0,0,,0,17,6TH ST,GILMAN ST,336,S,N,A,-,N,,,,,,,,,,N,4,0,1,2,A,-,8,22107,,N,D,G,A,A,H,-,A,A,0,,Y,,,Y,,A,1,0,0,1,0,0,0,1,0,0,- ,- ,,,ALAMEDA,BERKELEY,-122.3010632,37.87846542
6734768,2014,12/12/14,103,10/11/14,1146,57,29,6,5,6,103,0,0,0,,0,4,MILVIA ST,ALLSTON WY,30,S,N,A,-,N,,,,,,,,,,N,4,0,1,2,A,-,11,21954,A,N,E,J,D,A,D,-,A,A,0,Y,Y,,,Y,,N,60,0,0,1,0,0,0,1,0,0,- ,- ,,,ALAMEDA,BERKELEY,-122.2704441,37.86896772
6734771,2014,12/12/14,103,10/28/14,912,3,36,2,5,6,103,0,0,0,,0,7,HILLEGASS AV,PARKER ST,245,N,N,A,-,N,,,,,,,,,,Y,3,0,1,2,A,-,21,22106,,N,D,C,A,A,H,-,A,D,0,,,Y,,Y,,A,1,0,1,0,0,0,0,0,0,1,- ,- ,,,ALAMEDA,BERKELEY,-122.2563629,37.86411118
6734772,2014,12/12/14,103,10/11/14,705,50,29,6,5,6,103,0,0,0,,0,3,OXFORD ST,UNIVERSITY AV,30,N,N,B,-,N,,,,,,,,,,N,3,0,1,2,A,-,3,22350,,N,A,C,A,A,H,-,B,A,0,,,,,Y,Y,A,1,0,1,0,0,0,0,0,0,0,- ,- ,,,ALAMEDA,BERKELEY,-122.2661787,37.87257212
6734775,2014,1/8/15,103,10/27/14,1859,121,23,1,5,6,103,0,0,0,,0,3,CALIFORNIA ST,CEDAR ST,0,,Y,A,-,N,,,,,,,,,,N,3,0,1,2,A,-,- ,,,N,D,G,A,A,H,-,C,A,0,,Y,,,Y,,-,- ,0,1,0,0,0,0,1,0,0,- ,- ,,,ALAMEDA,BERKELEY,-122.2804599,37.87695
6734779,2014,12/12/14,103,10/27/14,1544,152,18,1,5,6,103,0,0,0,,0,3,CALIFORNIA ST,CALIFORNIA ST 1510,0,,-,A,-,N,,,,,,,,,,N,4,0,1,3,A,-,3,22350,,N,C,G,A,A,H,-,A,D,0,,Y,,,Y,,L,4,0,0,1,0,0,0,1,0,0,- ,- ,,,ALAMEDA,BERKELEY,-122.2805947,37.87789365
6734780,2014,12/12/14,103,10/11/14,416,113,23,6,5,6,103,0,0,0,,0,3,HEARST AV,GRANT ST,204,W,N,A,-,N,,,,,,,,,,N,3,0,1,2,A,-,1,23152,A,N,E,E,A,A,H,-,C,D,0,,,,,Y,,A,1,0,1,0,0,0,0,0,0,0,- ,- ,,,ALAMEDA,BERKELEY,-122.276138,37.8729109
6734783,2014,12/12/14,103,10/27/14,1444,150,28,1,5,6,103,0,0,0,,0,6,ATHERTON ST,HASTE ST,0,,Y,A,-,N,,,,,,,,,,N,4,0,1,2,A,-,3,22350,,N,B,G,A,A,D,H,A,D,0,,Y,,,Y,,L,4,0,0,1,0,0,0,1,0,0,- ,- ,,,ALAMEDA,BERKELEY,-122.2643599,37.86531991
6734784,2014,12/12/14,103,10/11/14,35,84,34,6,5,6,103,0,0,0,,0,12,MCGEE AV,CARLTON ST,0,,Y,A,-,N,,,,,,,,,,N,4,0,1,2,A,-,12,22450,A,N,D,C,A,A,H,-,C,A,0,,,,,Y,,A,1,0,0,1,0,0,0,0,0,0,- ,- ,,,ALAMEDA,BERKELEY,-122.2759499,37.86015997
6734787,2014,12/12/14,103,10/27/14,945,18,17,1,5,6,103,0,0,0,,0,2,SHATTUCK AV,VINE ST,0,,Y,A,-,N,,,,,,,,,,N,3,0,1,2,A,-,12,21453,A,N,A,G,A,A,H,-,A,A,0,,Y,,,Y,,L,4,0,1,0,0,0,0,1,0,0,- ,- ,,,ALAMEDA,BERKELEY,-122.26936,37.88019991
6734788,2014,12/12/14,103,10/10/14,1240,38,39,5,5,6,103,0,0,0,,0,10,ESSEX ST,ADELINE ST,0,,Y,A,-,N,,,,,,,,,,N,4,0,1,2,A,-,10,21950,A,N,G,B,B,A,H,-,A,A,0,Y,,,,Y,,A,1,0,0,1,0,1,0,0,0,0,- ,- ,,,ALAMEDA,BERKELEY,-122.2695899,37.85348995
6734791,2014,12/12/14,103,10/27/14,854,144,11,1,5,6,103,0,0,0,,0,16,SAN PABLO AV,FRANCISCO ST,60,S,N,A,-,N,,,,,,,,,,N,3,0,1,2,A,-,17,22517,,N,H,G,A,A,H,-,A,D,0,,Y,,,Y,,A,1,0,1,0,0,0,0,1,0,0,- ,- ,,,ALAMEDA,BERKELEY,-122.2932769,37.87240065
6734792,2014,12/12/14,103,10/9/14,2124,55,23,4,5,6,103,0,0,0,,0,3,MARTIN LUTHER KING JR WY,UNIVERSITY AV,0,,Y,A,-,N,,,,,,,,,,N,4,0,1,2,A,-,8,22107,,N,D,C,A,A,H,-,C,A,0,,,,,Y,,A,1,0,0,1,0,0,0,0,0,0,- ,- ,,,ALAMEDA,BERKELEY,-122.2730099,37.87160997
6734795,2014,12/12/14,103,10/25/14,1042,57,35,6,5,6,103,0,0,0,,0,5,CARLETON ST,SHATTUCK AV,0,,Y,A,-,N,,,,,,,,,,N,2,0,1,2,A,-,9,21802,A,N,D,C,A,A,H,-,A,A,0,,,,,Y,,A,7,1,0,0,0,0,0,0,0,0,- ,- ,,,ALAMEDA,BERKELEY,-122.26712,37.86124993
6734796,2014,2/19/15,103,10/9/14,1654,113,34,4,5,6,103,0,0,0,,0,5,MARTIN LUTHER KING JR WY,BLAKE ST,0,,Y,A,-,N,,,,,,,,,,N,3,0,2,2,A,-,8,22107,,N,D,C,A,A,H,-,A,D,0,,,,,Y,,A,1,0,1,1,0,0,0,0,0,0,- ,- ,,,ALAMEDA,BERKELEY,-122.2720099,37.86243994
6734799,2014,12/12/14,103,10/23/14,2235,86,29,4,5,6,103,0,0,0,,0,4,UNIVERSITY AV,OXFORD ST,0,,Y,A,-,N,,,,,,,,,,N,3,0,1,2,A,-,11,21453,D,N,G,B,B,A,H,-,C,A,0,Y,,,,Y,Y,N,60,0,1,0,0,1,0,0,0,0,- ,- ,,,ALAMEDA,BERKELEY,-122.2661699,37.87248994
6745203,2014,12/30/14,103,10/4/14,1034,146,29,6,5,6,103,0,0,0,,0,4,SHATTUCK AV,HASTE AV,0,,Y,A,-,N,,,,,,,,,,N,4,0,1,2,A,-,12,21453,A,N,D,G,A,A,H,-,A,A,0,,Y,,,Y,,A,1,0,0,1,0,0,0,1,0,0,- ,- ,,,ALAMEDA,BERKELEY,-122.2675099,37.86487999
6745204,2014,12/30/14,103,10/7/14,1917,107,34,2,5,6,103,0,0,0,,0,12,MARTIN LUTHER KING JR WY,OREGON ST,0,,Y,A,-,N,,,,,,,,,,N,4,0,1,2,A,-,5,21202,A,N,D,G,A,A,H,-,B,A,0,,Y,,,Y,,L,4,0,0,1,0,0,0,1,0,0,- ,- ,,,ALAMEDA,BERKELEY,-122.2714299,37.85702989
6745205,2014,12/30/14,103,10/7/14,2209,121,39,2,5,6,103,0,0,0,,0,10,EMERSON ST,ADELINE ST,0,,Y,A,-,N,,,,,,,,,,N,3,0,1,2,A,-,5,21650,1,N,D,G,A,A,H,-,C,D,0,,Y,,,Y,,L,4,0,1,0,0,0,0,1,0,0,- ,- ,,,ALAMEDA,BERKELEY,-122.2693,37.85424992
6745206,2014,12/30/14,103,10/8/14,1036,146,20,3,5,6,103,0,0,0,,0,17,GILMAN ST,EASTSHORE BL,0,,Y,A,-,N,,,,,,,,,,N,3,0,1,2,A,-,3,22350,,N,D,G,A,A,H,-,A,D,0,,Y,,,Y,Y,A,1,0,1,0,0,0,0,1,0,0,- ,- ,,,ALAMEDA,BERKELEY,-122.30648,37.87832995
6745207,2014,12/30/14,103,10/8/14,1125,76,31,3,5,6,103,0,0,0,,0,14,DWIGHT WY,BROWNING ST,120,E,N,A,-,N,,,,,,,,,,Y,4,0,2,3,A,-,4,21703,,N,C,C,A,A,H,-,A,D,0,,,,,Y,,A,1,0,0,2,0,0,0,0,0,0,- ,- ,,,ALAMEDA,BERKELEY,-122.2864496,37.86150283
6745208,2014,12/30/14,103,10/8/14,1224,144,35,3,5,6,103,0,0,0,,0,10,MILVIA ST,BLAKE ST,0,,Y,A,-,N,,,,,,,,,,N,3,0,1,2,A,-,10,21950,A,N,G,B,B,A,H,-,A,D,0,Y,,,,Y,,A,1,0,1,0,0,1,0,0,0,0,- ,- ,,,ALAMEDA,BERKELEY,-122.2697499,37.86275998
6745209,2014,12/30/14,103,10/8/14,1246,85,39,3,5,6,103,0,0,0,,0,9,WEBSTER ST,TELEGRAPH AV,0,,Y,A,-,N,,,,,,,,,,N,3,0,1,2,A,-,8,22107,,N,H,C,A,A,H,-,A,D,0,,Y,,,Y,,L,4,0,1,0,0,0,0,1,0,0,- ,- ,,,ALAMEDA,BERKELEY,-122.2597999,37.85518998
6745210,2014,12/30/14,103,10/8/14,1439,160,20,3,5,6,103,0,0,0,,0,15,SAN PABLO AV,BLAKE ST,0,,Y,A,-,N,,,,,,,,,,N,4,0,1,2,A,-,3,22350,,N,C,C,A,A,H,-,A,A,0,,,,,Y,,A,7,0,0,1,0,0,0,0,0,0,- ,- ,,,ALAMEDA,BERKELEY,-122.28935,37.8602099
6745211,2014,12/30/14,103,10/8/14,1507,150,34,3,5,6,103,0,0,0,,0,13,SACRAMENTO ST,ASHBY AV,0,,Y,A,-,N,,,,,,,,,,N,4,0,1,2,A,-,8,22107,,F,G,B,B,A,H,-,A,A,0,Y,,,,Y,,A,1,0,0,1,0,1,0,0,0,0,- ,- ,,,ALAMEDA,BERKELEY,-122.27907,37.85327998
6745212,2014,12/30/14,103,10/8/14,1741,8,35,3,5,6,103,0,0,0,,0,5,PARKER ST,MARTIN LUTHER KING JR WY,0,,Y,A,-,N,,,,,,,,,,N,4,0,1,2,A,-,10,21950,A,N,D,B,B,A,H,-,A,D,0,Y,,,,Y,,A,8,0,0,1,0,1,0,0,0,0,- ,- ,,,ALAMEDA,BERKELEY,-122.2719199,37.86154997
6745213,2014,12/30/14,103,10/9/14,931,64,33,4,5,6,103,0,0,0,,0,13,ACTON ST,RUSSELL ST,0,,Y,A,-,N,,,,,,,,,,N,4,0,1,2,A,-,21,22106,,N,C,G,A,A,H,-,A,A,0,,Y,,,Y,,A,1,0,0,1,0,0,0,1,0,0,- ,- ,,,ALAMEDA,BERKELEY,-122.2818699,37.85447994
6745223,2014,12/30/14,103,10/3/14,1718,129,16,5,5,6,103,0,0,0,,0,2,PARK GATE RD,SHASTA RD,0,,Y,A,-,N,,,,,,,,,,N,3,0,1,2,A,-,9,21802,A,N,D,G,A,A,G,-,A,D,0,,Y,,,Y,,L,4,0,1,0,0,0,0,1,0,0,- ,- ,,,ALAMEDA,BERKELEY,-122.2519095,37.890963
6745224,2014,12/30/14,103,10/1/14,1836,150,27,3,5,6,103,0,0,0,,0,7,BANCROFT WY,COLLEGE AV,87,W,N,A,-,N,,,,,,,,,,N,4,0,1,2,A,-,11,21955,,N,G,B,D,A,H,-,A,D,0,Y,,,,Y,,N,60,0,0,1,0,1,0,0,0,0,- ,- ,,,ALAMEDA,BERKELEY,-122.2549371,37.8692593
6745225,2014,5/18/16,103,10/1/14,1702,69,20,3,5,6,103,0,0,0,,0,17,GILMAN ST,RT 80,22,S,Y,A,-,Y,ALA,4,80,-,-,6.479,R,4,E,N,3,0,1,2,A,-,11,21954,A,N,G,B,D,A,H,-,B,D,0,Y,,,,Y,,N,60,0,1,0,0,1,0,0,0,0,- ,- ,,,ALAMEDA,BERKELEY,-122.3064898,37.87580487
6745226,2014,12/29/14,103,10/1/14,834,146,34,3,5,6,103,0,0,0,,0,6,MARTIN LUTHER KING JR WY,PARKER ST,0,,Y,A,-,N,,,,,,,,,,Y,4,0,2,2,A,-,9,21802,A,N,D,C,A,A,H,-,A,A,0,,,,,Y,,A,1,0,0,2,0,0,0,0,0,0,- ,- ,,,ALAMEDA,BERKELEY,-122.2719199,37.86154997
6745229,2014,6/18/16,103,10/3/14,1833,108,20,5,5,6,103,0,0,0,,0,13,SAN PABLO AV,FOLGER AV,0,,Y,A,-,Y,ALA,4,123,-,-,1.84,H,-,N,Y,3,0,3,2,A,-,3,22350,,N,C,C,A,A,H,-,B,D,0,,,,,Y,,A,1,0,1,2,0,0,0,0,0,0,- ,- ,,,ALAMEDA,BERKELEY,-122.2863012,37.85100596
6745230,2014,12/29/14,103,10/4/14,1308,2,39,6,5,6,103,0,0,0,,0,10,SHATTUCK AV,WOOLSEY ST,77,S,N,A,-,N,,,,,,,,,,N,3,0,1,1,A,-,3,22350,,N,H,A,A,A,H,-,A,D,0,,Y,,,Y,,L,4,0,1,0,0,0,0,1,0,0,- ,- ,,,ALAMEDA,BERKELEY,-122.266116,37.8521502
6747043,2014,5/18/16,9370,12/8/14,2345,18712,,1,3,6,103,0,1,1,,2,81,RT 80,GILMAN ST,570,W,N,B,-,Y,ALA,4,80,-,-,6.51,H,-,W,Y,3,0,2,2,A,-,3,22350,,N,C,C,A,A,H,-,D,D,6,,,,,Y,,D,22,0,1,1,0,0,0,0,0,0,- ,- ,37.87544,-122.30674,ALAMEDA,BERKELEY,-122.3068314,37.87619379
6751706,2014,1/23/15,103,11/7/14,940,47,38,5,5,6,103,0,0,0,,0,8,ASHBY AV E,PIEDMONT AV,118,E,N,A,-,N,,,,,,,,,,Y,3,0,1,3,A,-,8,22107,,N,B,E,A,A,H,-,A,D,0,,,,,Y,,A,1,0,1,0,0,0,0,0,0,0,- ,- ,,,ALAMEDA,BERKELEY,-122.2502829,37.85775777
6751753,2014,1/23/15,103,11/8/14,1547,57,32,6,5,6,103,0,0,0,,0,16,ALLSTON WY,6TH ST,0,,Y,A,-,N,,,,,,,,,,N,3,0,1,2,A,-,9,21801,A,N,D,G,A,A,H,-,A,A,0,,Y,,,Y,,D,22,0,1,0,0,0,0,1,0,0,- ,- ,,,ALAMEDA,BERKELEY,-122.2967899,37.86525997
6752943,2014,1/22/15,103,11/30/14,1152,64,31,7,5,6,103,0,0,0,,0,14,DWIGHT WY,SACRAMENTO ST,0,,Y,C,-,N,,,,,,,,,,N,4,0,1,2,A,-,9,21801,A,N,D,C,A,B,H,-,A,A,0,,,,,Y,,A,8,0,0,1,0,0,0,0,0,0,- ,- ,,,ALAMEDA,BERKELEY,-122.28119,37.86218993
6752948,2014,1/27/15,103,11/11/14,1949,154,36,2,5,6,103,0,0,0,,0,9,WARD ST,TELEGRAPH AV,30,E,N,A,-,N,,,,,,,,,,N,3,0,1,2,A,-,10,21950,A,N,G,B,B,A,H,-,C,D,0,Y,,,,Y,,A,1,0,1,0,0,1,0,0,0,0,- ,- ,,,ALAMEDA,BERKELEY,-122.25908,37.86046
6752952,2014,1/27/15,103,11/13/14,1516,37,38,4,5,6,103,0,0,0,,0,9,TELEGRAPH AV,ASHBY AV,0,,Y,A,-,N,,,,,,,,,,N,4,0,1,2,A,-,3,22350,,N,C,C,A,A,H,-,A,A,0,,,,,Y,,A,1,0,0,1,0,0,0,0,0,0,- ,- ,,,ALAMEDA,BERKELEY,-122.2596899,37.85620998
6752956,2014,1/27/15,103,11/13/14,1828,152,22,4,5,6,103,0,0,0,,0,18,DELAWARE ST,SACRAMENTO ST,156,W,N,A,-,N,,,,,,,,,,N,3,0,1,2,A,-,9,21801,A,N,D,G,A,A,H,-,C,D,0,,Y,,,Y,,A,1,0,1,0,0,0,0,1,0,0,- ,- ,,,ALAMEDA,BERKELEY,-122.2828835,37.87299084
6752960,2014,1/27/15,103,11/14/14,1315,157,17,5,5,6,103,0,0,0,,0,2,VINE ST,SHATTUCK AV,50,E,N,B,-,N,,,,,,,,,,N,3,0,1,2,A,-,17,22517,,N,H,G,A,A,H,-,A,D,0,,Y,,,Y,,A,1,0,1,0,0,0,0,1,0,0,- ,- ,,,ALAMEDA,BERKELEY,-122.2691887,37.88022046