CASE_ID,ACCIDENT_YEAR,PROC_DATE,JURIS,COLLISION_DATE,COLLISION_TIME,OFFICER_ID,REPORTING_DISTRICT,DAY_OF_WEEK,CHP_SHIFT,POPULATION,CNTY_CITY_LOC,SPECIAL_COND,BEAT_TYPE,CHP_BEAT_TYPE,CITY_DIVISION_LAPD,CHP_BEAT_CLASS,BEAT_NUMBER,PRIMARY_RD,SECONDARY_RD,DISTANCE,DIRECTION,INTERSECTION,WEATHER_1,WEATHER_2,STATE_HWY_IND,CALTRANS_COUNTY,CALTRANS_DISTRICT,STATE_ROUTE,ROUTE_SUFFIX,POSTMILE_PREFIX,POSTMILE,LOCATION_TYPE,RAMP_INTERSECTION,SIDE_OF_HWY,TOW_AWAY,COLLISION_SEVERITY,NUMBER_KILLED,NUMBER_INJURED,PARTY_COUNT,PRIMARY_COLL_FACTOR,PCF_CODE_OF_VIOL,PCF_VIOL_CATEGORY,PCF_VIOLATION,PCF_VIOL_SUBSECTION,HIT_AND_RUN,TYPE_OF_COLLISION,MVIW,PED_ACTION,ROAD_SURFACE,ROAD_COND_1,ROAD_COND_2,LIGHTING,CONTROL_DEVICE,CHP_ROAD_TYPE,PEDESTRIAN_ACCIDENT,BICYCLE_ACCIDENT,MOTORCYCLE_ACCIDENT,TRUCK_ACCIDENT,NOT_PRIVATE_PROPERTY,ALCOHOL_INVOLVED,STWD_VEHTYPE_AT_FAULT,CHP_VEHTYPE_AT_FAULT,COUNT_SEVERE_INJ,COUNT_VISIBLE_INJ,COUNT_COMPLAINT_PAIN,COUNT_PED_KILLED,COUNT_PED_INJURED,COUNT_BICYCLIST_KILLED,COUNT_BICYCLIST_INJURED,COUNT_MC_KILLED,COUNT_MC_INJURED,PRIMARY_RAMP,SECONDARY_RAMP,LATITUDE,LONGITUDE,COUNTY,CITY,POINT_X,POINT_Y
8169021,2016,11/15/16,103,9/29/16,1659,8,40,4,5,6,103,0,0,0,,0,11,M L KING JR WY,ADELINE ST,0,,Y,A,-,N,,,,,,,,,,Y,4,0,1,2,A,-,9,21801,B,F,D,C,A,A,H,-,A,A,0,,,,,Y,,A,8,0,0,1,0,0,0,0,0,0,- ,- ,,,ALAMEDA,BERKELEY,-122.27177,37.84708997
8169025,2016,11/15/16,103,9/29/16,2041,69,14,4,5,6,103,0,0,0,,0,2,HOPKINS ST,NAPA ST,135,W,N,A,-,N,,,,,,,,,,N,3,0,1,2,A,-,11,21954,A,N,G,B,E,A,G,-,C,D,0,Y,,,,Y,Y,N,60,0,1,0,0,1,0,0,0,0,- ,- ,,,ALAMEDA,BERKELEY,-122.273289,37.88741436
8169029,2016,11/15/16,103,9/30/16,1604,159,24,5,5,6,103,0,0,0,,0,6,OXFORD ST,ALLSTON WY,0,,Y,A,-,N,,,,,,,,,,N,4,0,1,2,A,-,5,21650,1,N,D,G,A,A,H,-,A,D,0,,Y,,,Y,,L,4,0,0,1,0,0,0,1,0,0,- ,- ,,,ALAMEDA,BERKELEY,-122.2658899,37.8696799
8169033,2016,11/15/16,103,9/29/16,1953,49,29,4,5,6,103,0,0,0,,0,5,M L KING JR WY,HASTE ST,19,E,N,A,-,N,,,,,,,,,,N,3,0,1,1,A,-,3,22350,,N,H,J,A,A,H,-,C,A,0,,,Y,,Y,,C,2,0,1,0,0,0,0,0,0,1,- ,- ,,,ALAMEDA,BERKELEY,-122.2722026,37.86421814
8173046,2016,2/22/17,103,9/12/16,929,93,20,1,5,6,103,0,0,0,,0,13,ASHBY AV,7TH ST,150,W,N,B,-,Y,ALA,4,13,-,-,13.47,H,-,S,N,2,0,1,1,A,-,3,22350,,N,H,J,A,D,H,-,B,A,0,,,Y,,Y,,C,2,1,0,0,0,0,0,0,0,1,- ,- ,,,ALAMEDA,BERKELEY,-122.2915763,37.85079388
8173111,2016,2/22/17,103,9/9/16,1224,126,38,5,5,6,103,0,0,0,,0,8,ASHBY AV,ASHBY PL,0,,Y,A,-,Y,ALA,4,13,-,-,11.19,I,5,N,N,3,0,1,2,A,-,6,21755,,N,D,G,A,A,H,-,A,D,0,,Y,,,Y,,L,4,0,1,0,0,0,0,1,0,0,- ,- ,,,ALAMEDA,BERKELEY,-122.2522381,37.85722221
8195404,2016,5/22/17,103,11/30/16,2330,8,,3,5,6,103,0,0,0,,0,11,ASHBY,SACRAMENTO,0,,Y,A,-,Y,ALA,4,13,-,-,12.76,I,6,S,Y,4,0,1,2,A,-,1,23153,A,F,A,C,A,A,H,-,C,A,0,,,,,Y,Y,-,,0,0,1,0,0,0,0,0,0,- ,- ,,,ALAMEDA,BERKELEY,-122.2790561,37.85330291
8195408,2016,4/17/17,103,11/2/16,735,85,,3,5,6,103,0,0,0,,0,10,MARTIN LUTHER KING JR WY,RUSSELL AV,0,,Y,A,-,N,,,,,,,,,,N,3,0,1,2,A,-,11,21456,B,N,D,B,B,A,H,-,A,A,0,Y,,,,Y,,N,60,0,1,0,0,1,0,0,0,0,- ,- ,37.85613,-122.27128,ALAMEDA,BERKELEY,-122.2713299,37.85613997
8195412,2016,4/17/17,103,11/5/16,1657,108,,6,5,6,103,0,0,0,,0,13,9TH ST,DWIGHT WY,0,,Y,A,-,N,,,,,,,,,,N,4,0,1,2,A,-,9,21802,A,N,D,G,A,A,H,-,A,A,0,,Y,,,Y,,A,1,0,0,1,0,0,0,1,0,0,- ,- ,37.86064,-122.29182,ALAMEDA,BERKELEY,-122.2918299,37.8606499
8195416,2016,4/17/17,103,11/6/16,1924,30,,7,5,6,103,0,0,0,,0,5,BLAKE,MARTIN LUTHER KING JR,0,,Y,A,-,N,,,,,,,,,,N,4,0,1,2,A,-,10,21950,A,N,G,B,B,A,H,-,C,D,0,Y,,,,Y,,A,1,0,0,1,0,1,0,0,0,0,- ,- ,37.86245,-122.272,ALAMEDA,BERKELEY,-122.2720099,37.86243994
8195420,2016,4/17/17,103,11/8/16,2123,69,,2,5,6,103,0,0,0,,0,6,ADDISON ST,OXFORD ST,0,,Y,A,-,N,,,,,,,,,,N,4,0,1,3,A,-,10,21950,A,N,G,B,B,A,H,-,C,A,0,Y,,,,Y,,A,1,0,0,1,0,1,0,0,0,0,- ,- ,37.87146,-122.26597,ALAMEDA,BERKELEY,-122.26605,37.87143996
8195424,2016,4/17/17,103,11/10/16,828,144,,4,5,6,103,0,0,0,,0,5,SHATTUCK AV,STUART ST,0,,Y,A,-,N,,,,,,,,,,N,4,0,1,2,A,-,9,21802,A,N,D,G,A,-,H,-,A,D,0,,Y,,,Y,,L,4,0,0,1,0,0,0,1,0,0,- ,- ,,,ALAMEDA,BERKELEY,-122.26691,37.85850993
8195428,2016,4/17/17,103,11/14/16,1945,65,,1,5,6,103,0,0,0,,0,3,UNIVERSITY,MCGEE AV,148,E,N,A,-,N,,,,,,,,,,N,3,0,1,2,A,-,8,22107,,N,G,G,A,A,H,-,C,D,0,,Y,,,Y,,L,4,0,1,0,0,0,0,1,0,0,- ,- ,37.87097,-122.2775,ALAMEDA,BERKELEY,-122.2770138,37.87110554
8195432,2016,5/22/17,103,11/17/16,1720,71,,4,5,6,103,0,0,0,,0,7,TELEGRAPH,RT 13,121,N,N,A,-,Y,ALA,4,13,-,-,11.61,I,6,N,N,4,0,1,2,A,-,7,21658,A,N,B,D,A,A,H,-,C,A,0,,,Y,,Y,,A,1,0,0,1,0,0,0,0,0,1,- ,- ,37.85619,-122.25967,ALAMEDA,BERKELEY,-122.2596953,37.85622051
8195436,2016,4/17/17,103,11/20/16,1506,57,,7,5,6,103,0,0,0,,0,10,SHATTUCK AV,STUART ST,75,N,N,A,-,N,,,,,,,,,,N,4,0,1,2,A,-,3,22350,,N,C,C,A,A,H,-,A,D,0,,,,,Y,,A,7,0,0,1,0,0,0,0,0,0,- ,- ,37.85853,-122.2669,ALAMEDA,BERKELEY,-122.2669305,37.85871538
8195440,2016,4/17/17,103,11/22/16,1038,71,,2,5,6,103,0,0,0,,0,9,SHATTUCK AV,DURANT AV,25,N,N,A,-,N,,,,,,,,,,N,4,0,2,2,A,-,3,22350,,N,C,C,A,A,H,-,A,A,0,,,,,Y,,A,1,0,0,2,0,0,0,0,0,0,- ,- ,37.86621,-122.26827,ALAMEDA,BERKELEY,-122.267738,37.86675838
8205117,2016,1/18/17,103,10/3/16,1211,101,20,1,5,6,103,0,0,0,,0,4,STANNAGE AV,CAMELIA ST,127,N,N,C,-,N,,,,,,,,,,Y,4,0,2,2,A,-,3,22350,,N,F,E,A,B,H,-,A,D,0,,,,,Y,,D,22,0,0,2,0,0,0,0,0,0,- ,- ,,,ALAMEDA,BERKELEY,-122.2935806,37.87944768
8205215,2016,1/13/17,103,10/4/16,1830,38,29,2,5,6,103,0,0,0,,0,6,ALLSTON WY,SHATTUCK AV,0,,Y,A,-,N,,,,,,,,,,N,4,0,1,2,A,-,4,21703,,N,C,G,A,A,H,-,A,A,0,,Y,,,Y,,A,1,0,0,1,0,0,0,1,0,0,- ,- ,,,ALAMEDA,BERKELEY,-122.2680199,37.86938991
8205219,2016,1/13/17,103,10/7/16,1629,49,29,5,5,6,103,0,0,0,,0,6,SHATTUCK AV,DWIGHT WY,0,,Y,A,-,N,,,,,,,,,,N,4,0,1,2,A,-,3,22350,,N,C,C,A,A,H,-,A,A,0,,,,,Y,,A,1,0,0,1,0,0,0,0,0,0,- ,- ,,,ALAMEDA,BERKELEY,-122.2674099,37.86396994
8205223,2016,1/23/17,103,10/5/16,1436,121,24,3,5,6,103,0,0,0,,0,2,M L KING JR WAY,CEDAR ST,0,,Y,A,-,N,,,,,,,,,,N,4,0,2,2,A,-,8,22107,,N,D,C,A,A,H,-,A,A,0,,,,,Y,,A,1,0,0,2,0,0,0,0,0,0,- ,- ,,,ALAMEDA,BERKELEY,-122.2737,37.87782996
8205227,2016,1/13/17,103,10/5/16,1649,69,25,3,5,6,103,0,0,0,,0,1,VIRGINIA ST,EUCLID AV,44,N,N,A,-,N,,,,,,,,,,N,4,0,1,2,A,-,10,21950,A,N,G,B,B,A,H,-,A,A,0,Y,,,,Y,,A,1,0,0,1,0,1,0,0,0,0,- ,- ,,,ALAMEDA,BERKELEY,-122.2605495,37.87779952
8205230,2016,1/13/17,103,10/14/16,656,111,12,5,5,6,103,0,0,0,,0,1,THE CIRCLE,MARIN AV,0,,Y,C,-,N,,,,,,,,,,N,4,0,1,2,A,-,9,21802,,N,D,C,A,B,H,-,B,A,0,,,,,Y,,A,1,0,0,1,0,0,0,0,0,0,- ,- ,,,ALAMEDA,BERKELEY,-122.27249,37.89004988
8205231,2016,2/15/17,103,10/2/16,1348,75,24,7,5,6,103,0,0,0,,0,6,UNIVERSITY AV,SHATTUCK AV,0,,Y,A,-,N,,,,,,,,,,Y,4,0,2,2,A,-,9,21801,A,N,D,C,A,A,H,-,A,A,0,,,Y,,Y,,A,1,0,0,2,0,0,0,0,0,2,- ,- ,,,ALAMEDA,BERKELEY,-122.2683899,37.87219992
8205234,2016,1/13/17,103,10/12/16,1505,121,36,3,5,6,103,0,0,0,,0,9,TELEGRAPH AV,DERBY ST,100,N,N,A,-,N,,,,,,,,,,N,4,0,1,2,A,-,8,22107,,N,D,C,A,A,H,-,A,D,0,,,,,Y,,A,1,0,0,1,0,0,0,0,0,0,- ,- ,,,ALAMEDA,BERKELEY,-122.2589182,37.86167354
8205235,2016,2/1/17,103,10/2/16,1054,5,19,7,5,6,103,0,0,0,,0,4,GILMAN ST,EVELYN ST,0,,Y,A,-,N,,,,,,,,,,N,3,0,1,2,A,-,17,22517,,N,B,G,A,A,H,-,A,D,0,,Y,,,Y,,A,1,0,1,0,0,0,0,1,0,0,- ,- ,,,ALAMEDA,BERKELEY,-122.2915199,37.88135991
8205238,2016,1/13/17,103,10/13/16,1954,122,23,4,5,6,103,0,0,0,,0,3,MILVIA ST,HEARST AV,0,,Y,A,-,N,,,,,,,,,,N,4,0,1,2,A,-,12,21453,A,N,D,C,A,A,H,-,C,A,0,,,,,Y,,A,1,0,0,1,0,0,0,0,0,0,- ,- ,,,ALAMEDA,BERKELEY,-122.2708899,37.87358991
8205239,2016,1/13/17,103,10/4/16,1515,65,29,2,5,6,103,0,0,0,,0,6,UNIVERSITY AV,MILVIA ST,0,,Y,A,-,N,,,,,,,,,,N,3,0,1,2,A,-,10,21950,C,N,G,B,B,A,H,-,A,A,0,Y,,,,Y,,A,1,0,1,0,0,1,0,0,0,0,- ,- ,,,ALAMEDA,BERKELEY,-122.27076,37.8718999
8205243,2016,1/13/17,103,10/4/16,1335,146,34,2,5,6,103,0,0,0,,0,5,ALLSTON WY,SACRAMENTO ST,0,,Y,A,-,N,,,,,,,,,,N,2,0,1,2,A,-,12,21453,A,N,D,G,A,A,H,-,A,A,0,,Y,,,Y,,A,1,1,0,0,0,0,0,1,0,0,- ,- ,,,ALAMEDA,BERKELEY,-122.2817599,37.86734997
8205246,2016,2/1/17,103,10/12/16,1851,99,29,3,5,6,103,0,0,0,,0,9,SHATTUCK AV,CHANNING WY,12,N,N,A,-,N,,,,,,,,,,N,4,0,1,2,A,-,8,22107,,N,C,C,A,A,H,-,C,A,0,,,,,Y,,A,1,0,0,1,0,0,0,0,0,0,- ,- ,,,ALAMEDA,BERKELEY,-122.2676244,37.86581278
8205250,2016,1/13/17,103,10/12/16,2340,54,28,3,5,6,103,0,0,0,,0,7,BANCROFT WY,TELEGRAPH AV,0,,Y,B,-,N,,,,,,,,,,N,4,0,1,2,A,-,11,21453,D,N,G,B,B,A,H,-,C,A,0,Y,Y,,,Y,,N,60,0,0,1,0,1,0,0,0,0,- ,- ,,,ALAMEDA,BERKELEY,-122.2592099,37.86872993
8205251,2016,1/13/17,103,10/2/16,1010,5,20,7,5,6,103,0,0,0,,0,4,GILMAN ST,W FRONTAGE RD,0,,Y,A,-,N,,,,,,,,,,Y,4,0,1,2,A,-,9,21802,A,N,D,C,A,A,H,-,A,D,0,,,,,Y,,A,1,0,0,1,0,0,0,0,0,0,- ,- ,,,ALAMEDA,BERKELEY,-122.3079399,37.8780099
8205254,2016,1/13/17,103,10/11/16,1354,17,11,2,5,6,103,0,0,0,,0,6,SHATTUCK AV,UNIVERSITY AV,17,N,N,A,-,N,,,,,,,,,,N,4,0,1,3,A,-,4,21703,,N,C,C,A,A,H,-,A,A,0,,,,,Y,,A,1,0,0,1,0,0,0,0,0,0,- ,- ,,,ALAMEDA,BERKELEY,-122.2683928,37.87224665
8205255,2016,1/13/17,103,10/1/16,1340,89,35,6,5,6,103,0,0,0,,0,9,PARKER ST,SHATTUCK AV,0,,Y,A,-,N,,,,,,,,,,Y,4,0,1,2,A,-,9,21802,A,N,D,C,A,A,H,-,A,D,0,,,,,Y,,A,1,0,0,1,0,0,0,0,0,0,- ,- ,,,ALAMEDA,BERKELEY,-122.2672099,37.86214997
8205258,2016,1/23/17,103,10/11/16,1716,121,32,2,5,6,103,0,0,0,,0,13,ALLSTON WY,6TH ST,0,,Y,A,-,N,,,,,,,,,,N,3,0,1,2,A,-,3,22350,,N,F,A,A,A,H,-,A,A,0,,,Y,,Y,,C,3,0,1,0,0,0,0,0,0,1,- ,- ,,,ALAMEDA,BERKELEY,-122.2967899,37.86525997
8205262,2016,1/13/17,103,10/11/16,2122,49,29,2,5,6,103,0,0,0,,0,6,OXFORD ST,ADDISON ST,0,,Y,A,-,N,,,,,,,,,,N,4,0,2,3,A,-,10,21950,A,N,G,B,B,A,H,-,C,D,0,Y,,,,Y,,A,1,0,0,2,0,2,0,0,0,0,- ,- ,,,ALAMEDA,BERKELEY,-122.26605,37.87143996
8205266,2016,2/1/17,103,10/12/16,938,144,28,3,5,6,103,0,0,0,,0,7,BANCROFT WY,BOWDITCH ST,0,,Y,A,-,N,,,,,,,,,,N,4,0,1,2,A,-,10,21950,A,N,G,B,B,A,H,-,A,D,0,Y,,,,Y,,A,1,0,0,1,0,1,0,0,0,0,- ,- ,,,ALAMEDA,BERKELEY,-122.2569,37.86900997
8205270,2016,1/13/17,103,10/11/16,1829,53,32,2,5,6,103,0,0,0,,0,13,CHANNING WY,6TH ST,0,,Y,A,-,N,,,,,,,,,,N,4,0,1,2,A,-,9,21802,A,N,D,D,A,A,H,-,B,A,0,,,,,Y,,A,1,0,0,1,0,0,0,0,0,0,- ,- ,,,ALAMEDA,BERKELEY,-122.2956699,37.86174989
8205274,2016,1/13/17,103,10/10/16,1600,125,28,1,5,6,103,0,0,0,,0,9,DANA ST,HASTE ST,0,,N,A,-,N,,,,,,,,,,N,4,0,1,2,A,-,10,21950,A,M,G,B,B,A,H,-,A,A,0,Y,,,,Y,,A,1,0,0,1,0,1,0,0,0,0,- ,- ,,,ALAMEDA,BERKELEY,-122.2608799,37.86577992
8205278,2016,1/13/17,103,10/10/16,924,96,29,1,5,6,103,0,0,0,,0,6,MILVIA ST,CENTER ST,80,S,N,B,-,N,,,,,,,,,,N,3,0,1,2,A,-,17,22517,,N,H,G,A,A,H,-,A,D,0,,Y,,,Y,,A,1,0,1,0,0,0,0,1,0,0,- ,- ,,,ALAMEDA,BERKELEY,-122.2705231,37.86974129
8281203,2016,4/17/17,103,10/25/16,1654,85,,2,5,6,103,0,0,0,,0,7,TELEGRAPH,HASTE,0,,Y,A,-,N,,,,,,,,,,N,3,0,1,2,A,-,12,21453,A,N,B,G,A,A,H,-,A,A,0,,Y,,Y,Y,,L,4,0,1,0,0,0,0,1,0,0,- ,- ,37.86513,-122.25841,ALAMEDA,BERKELEY,-122.25865,37.86602996
8281211,2016,3/6/17,103,10/23/16,2133,108,20,7,5,6,103,0,0,0,,0,13,ASHBY AV,MABEL ST,180,W,N,A,-,Y,ALA,4,13,-,-,13.05,H,-,S,N,4,0,2,3,A,-,1,23152,A,N,B,C,A,A,H,-,C,D,0,,,,,Y,Y,D,22,0,0,2,0,0,0,0,0,0,- ,- ,,,ALAMEDA,BERKELEY,-122.2842754,37.85265013
8281223,2016,3/4/17,103,10/18/16,2124,54,20,2,5,6,103,0,0,0,,0,4,SAN PABLO AV,GILMAN ST,0,,Y,A,-,Y,ALA,4,123,-,-,3.98,I,5,N,N,3,0,1,2,A,-,10,21950,A,N,G,B,B,A,H,-,C,A,0,Y,,,,Y,,I,11,0,1,0,0,1,0,0,0,0,- ,- ,,,ALAMEDA,BERKELEY,-122.2958101,37.88047853
8281255,2016,1/31/17,103,10/25/16,1728,1,22,2,5,6,103,0,0,0,,0,14,UNIVERSITY AV,CURTIS ST,0,,Y,B,-,N,,,,,,,,,,N,3,0,2,2,A,-,9,21802,A,N,D,C,A,A,H,-,A,A,0,,,,,Y,,I,11,0,1,1,0,0,0,0,0,0,- ,- ,,,ALAMEDA,BERKELEY,-122.28953,37.86938994
8282084,2016,1/20/17,103,10/17/16,1543,53,34,1,5,6,103,0,0,0,,0,12,MCGEE AV,PARKER ST,0,,Y,A,-,N,,,,,,,,,,N,4,0,2,2,A,-,9,21802,A,N,D,C,A,A,H,-,A,A,0,,,,,Y,,A,1,0,0,2,0,0,0,0,0,0,- ,- ,,,ALAMEDA,BERKELEY,-122.2761599,37.86104997
8282088,2016,1/20/17,103,10/18/16,1606,27,40,2,5,6,103,0,0,0,,0,11,ADELINE ST,62ND ST,15,W,N,A,-,N,,,,,,,,,,N,4,0,1,2,A,-,8,22107,,N,B,G,A,A,H,-,A,D,0,,Y,,,Y,,L,4,0,0,1,0,0,0,1,0,0,- ,- ,,,ALAMEDA,BERKELEY,-122.27253,37.84674
8282092,2016,1/20/17,103,10/18/16,1742,8,20,2,5,6,103,0,0,0,,0,4,10TH ST,GILMAN ST,0,,Y,A,-,N,,,,,,,,,,N,4,0,1,2,A,-,9,21802,A,N,D,C,A,A,H,-,A,A,0,,,,,Y,,A,1,0,0,1,0,0,0,0,0,0,- ,- ,,,ALAMEDA,BERKELEY,-122.2969699,37.88024998
8282096,2016,1/20/17,103,10/18/16,1751,128,,2,5,6,103,0,0,0,,0,5,BANCROFT,MARTIN LUTHER KING JR WY,0,,Y,A,-,N,,,,,,,,,,N,4,0,1,2,A,-,10,21950,A,N,G,B,B,A,H,-,A,A,0,Y,,,,Y,,A,1,0,0,1,0,1,0,0,0,0,- ,- ,37.86697,-122.27251,ALAMEDA,BERKELEY,-122.27252,37.86697992
8282100,2016,1/20/17,103,10/21/16,1803,9,19,5,5,6,103,0,0,0,,0,4,ROSE ST,SACRAMENTO ST,0,,Y,A,-,N,,,,,,,,,,N,4,0,1,2,A,-,21,22106,,N,G,E,-,A,H,-,B,A,0,Y,,,,Y,,A,1,0,0,1,0,1,0,0,0,0,- ,- ,,,ALAMEDA,BERKELEY,-122.2829699,37.87889998
8282107,2016,3/6/17,103,10/30/16,2151,15,,7,5,6,103,0,0,0,,0,8,ASHBY AV,CLAREMONT,0,,Y,A,-,Y,ALA,4,13,-,-,10.8,H,-,S,N,4,0,3,2,A,-,3,22350,,N,C,C,A,A,H,-,-,A,0,,,,,Y,,A,7,0,0,3,0,0,0,0,0,0,- ,- ,37.85807,-122.24596,ALAMEDA,BERKELEY,-122.2455427,37.85801937
8282111,2016,3/4/17,103,10/26/16,1619,1,31,3,5,6,103,0,0,0,,0,14,SAN PABLO AV,ALLSTON WY,0,,Y,A,-,Y,ALA,4,123,-,-,2.95,I,5,N,N,4,0,2,4,A,-,3,22350,,N,C,C,A,A,H,-,A,A,0,,,,,Y,,A,8,0,0,2,0,0,0,0,0,0,- ,- ,,,ALAMEDA,BERKELEY,-122.291234,37.86639455
8282115,2016,1/20/17,103,10/31/16,301,15,,1,5,6,103,0,0,0,,0,8,DWIGHT WY,COLLEGE AV,0,,Y,A,-,N,,,,,,,,,,Y,4,0,3,2,A,-,12,21457,A,N,D,C,A,A,H,-,A,A,0,,,,,Y,,A,1,0,0,3,0,0,0,0,0,0,- ,- ,37.86572,-122.2539,ALAMEDA,BERKELEY,-122.25391,37.86568997
8282119,2016,1/20/17,103,10/31/16,844,144,,1,5,6,103,0,0,0,,0,4,UNIVERSITY,MILVIA ST,0,,Y,A,-,N,,,,,,,,,,N,4,0,1,2,A,-,12,21453,A,N,D,G,A,A,H,-,A,A,0,,Y,,,Y,,A,1,0,0,1,0,0,0,1,0,0,- ,- ,,,ALAMEDA,BERKELEY,-122.27076,37.8718999
8282120,2016,1/20/17,103,10/15/16,1800,153,22,6,5,6,103,0,0,0,,0,14,UNIVERSITY AV,CURTIS ST,0,,Y,C,-,N,,,,,,,,,,N,3,0,2,3,A,-,3,22350,,N,B,A,B,B,G,-,B,-,0,Y,,Y,,Y,,C,3,0,2,0,0,2,0,0,0,0,- ,- ,,,ALAMEDA,BERKELEY,-122.28953,37.86938994
8282134,2016,3/6/17,103,10/18/16,2146,71,38,2,5,6,103,0,0,0,,0,8,TUNNEL RD,ALVARADO RD,0,,Y,A,-,Y,ALA,4,13,-,-,10.4,I,5,N,Y,4,0,1,2,A,-,3,22350,,N,E,C,A,A,H,-,D,D,0,,,,,Y,,A,1,0,0,1,0,0,0,0,0,0,- ,- ,,,ALAMEDA,BERKELEY,-122.2396442,37.85560296
8282143,2016,1/20/17,103,10/24/16,1703,103,40,1,5,6,103,0,0,0,,0,11,SACRAMENTO ST,ALCATRAZ AV,0,S,Y,B,-,N,,,,,,,,,,N,4,0,1,2,A,-,8,22107,,N,D,G,A,A,H,-,A,A,0,,Y,,,Y,,L,4,0,0,1,0,0,0,1,0,0,- ,- ,,,ALAMEDA,BERKELEY,-122.27784,37.84791989
8282147,2016,1/20/17,103,10/25/16,1046,38,30,2,5,6,103,0,0,0,,0,6,MARTIN LUTHER KING JR WY,ADDISON ST,45,S,N,B,-,N,,,,,,,,,,N,3,0,1,2,A,-,17,22517,,N,B,G,A,B,H,-,B,D,0,,Y,,,Y,,A,8,0,1,0,0,0,0,1,0,0,- ,- ,,,ALAMEDA,BERKELEY,-122.2728941,37.87044702
8282151,2016,1/20/17,103,10/25/16,1649,8,34,2,5,6,103,0,0,0,,0,12,WARD ST,CALIFORNIA ST,168,W,N,A,-,N,,,,,,,,,,N,3,0,1,1,A,-,3,22350,,N,E,I,A,A,H,-,A,D,0,,Y,,,Y,,L,4,0,1,0,0,0,0,1,0,0,- ,- ,,,ALAMEDA,BERKELEY,-122.2783833,37.85802023
8282155,2016,1/20/17,103,10/28/16,20,54,29,5,5,6,103,0,0,0,,0,3,MARTIN LUTHER KING JR WY,UNIVERSITY AV,0,,Y,A,-,N,,,,,,,,,,Y,4,0,1,2,A,-,9,21801,A,N,A,C,A,A,H,-,A,A,0,,,,,Y,,-,- ,0,0,1,0,0,0,0,0,0,- ,- ,,,ALAMEDA,BERKELEY,-122.2730099,37.87160997
8282159,2016,1/20/17,103,10/28/16,819,33,33,5,5,6,103,0,0,0,,0,12,SACRAMENTO ST,DERBY ST,0,,Y,A,-,N,,,,,,,,,,N,4,0,1,2,A,-,10,21950,A,N,G,B,B,A,H,-,A,D,0,Y,,,,Y,,A,1,0,0,1,0,1,0,0,0,0,- ,- ,,,ALAMEDA,BERKELEY,-122.28025,37.85872994
8286289,2016,2/6/17,103,11/30/16,730,9,,3,5,6,103,0,0,0,,0,11,ADELINE,MARTIN LUTHER KING JR,0,,Y,B,-,N,,,,,,,,,,Y,4,0,1,2,A,-,8,22107,,N,D,C,A,A,H,-,A,A,0,,,,Y,Y,,A,1,0,0,1,0,0,0,0,0,0,- ,- ,,,ALAMEDA,BERKELEY,-122.27177,37.84708997
8286297,2016,2/14/17,103,12/1/16,1929,30,,4,5,6,103,0,0,0,,0,11,MARTIN LUTHER KING JR WY,STANFORD AV,0,,Y,A,-,N,,,,,,,,,,Y,4,0,1,1,A,-,1,23152,A,N,E,I,A,A,H,-,C,A,0,,,,,Y,Y,D,22,0,0,1,0,0,0,0,0,0,- ,- ,37.84721,-122.27167,ALAMEDA,BERKELEY,-122.2716683,37.84720166
8286301,2016,3/6/17,103,12/3/16,327,30,,6,5,6,103,0,0,0,,0,13,ASHBY,SAN PABLO,0,,Y,A,-,Y,ALA,4,123,-,-,1.9,H,-,N,Y,4,0,1,2,A,-,1,23152,A,N,C,C,A,A,H,-,C,A,0,,,,,Y,Y,A,1,0,0,1,0,0,0,0,0,0,- ,- ,37.85215,-122.28668,ALAMEDA,BERKELEY,-122.2865732,37.85186066
8292887,2016,2/13/17,103,11/16/16,1014,146,,3,5,6,103,0,0,0,,0,5,CHANNING,MILVIA,0,,Y,A,-,N,,,,,,,,,,N,4,0,1,2,A,-,10,21950,A,N,G,B,B,A,H,-,A,A,0,Y,,,,Y,,D,22,0,0,1,0,1,0,0,0,0,- ,- ,37.86546,-122.27001,ALAMEDA,BERKELEY,-122.27006,37.86544992
8292907,2016,2/1/17,103,11/13/16,1728,44,,7,5,6,103,0,0,0,,0,11,SACRAMENTO,66TH,0,,Y,A,-,N,,,,,,,,,,,3,0,1,2,A,-,9,21800,A,F,D,G,A,A,H,-,D,A,0,,Y,,,Y,,L,4,0,1,0,0,0,0,1,0,0,- ,- ,37.85041,-122.27834,ALAMEDA,BERKELEY,-122.2784099,37.85040995
8292919,2016,3/6/17,103,11/10/16,1216,146,,4,5,6,103,0,0,0,,0,2,MARIN,OXFORD ST,147,W,N,A,-,N,,,,,,,,,,Y,2,0,5,3,C,-,18,,,N,B,C,A,A,H,-,A,D,0,,,,,Y,,-,- ,1,0,4,0,0,0,0,0,0,- ,- ,37.89093,-122.2708,ALAMEDA,BERKELEY,-122.2705708,37.89132085
8292923,2016,2/13/17,103,11/7/16,2211,10,,1,5,6,103,0,0,0,,0,10,ADELINE,STUART,0,,Y,A,-,N,,,,,,,,,,Y,4,0,1,2,A,-,10,21950,A,N,B,B,B,A,H,-,C,D,0,Y,,,,Y,,D,22,0,0,1,0,1,0,0,0,0,- ,- ,37.85842,-122.26773,ALAMEDA,BERKELEY,-122.2679,37.85838997
8292987,2016,2/3/17,103,11/8/16,1203,93,,2,5,6,103,0,0,0,,0,3,MARTIN LUTHER KING JR,FRANCISCO ST,60,N,N,-,-,N,,,,,,,,,,Y,3,0,3,3,-,-,- ,,,N,C,-,A,-,-,-,-,-,0,,,,,Y,,-,- ,0,2,1,0,0,0,0,0,0,- ,- ,,,ALAMEDA,BERKELEY,-122.2734319,37.87527391