CASE_ID,ACCIDENT_YEAR,PROC_DATE,JURIS,COLLISION_DATE,COLLISION_TIME,OFFICER_ID,REPORTING_DISTRICT,DAY_OF_WEEK,CHP_SHIFT,POPULATION,CNTY_CITY_LOC,SPECIAL_COND,BEAT_TYPE,CHP_BEAT_TYPE,CITY_DIVISION_LAPD,CHP_BEAT_CLASS,BEAT_NUMBER,PRIMARY_RD,SECONDARY_RD,DISTANCE,DIRECTION,INTERSECTION,WEATHER_1,WEATHER_2,STATE_HWY_IND,CALTRANS_COUNTY,CALTRANS_DISTRICT,STATE_ROUTE,ROUTE_SUFFIX,POSTMILE_PREFIX,POSTMILE,LOCATION_TYPE,RAMP_INTERSECTION,SIDE_OF_HWY,TOW_AWAY,COLLISION_SEVERITY,NUMBER_KILLED,NUMBER_INJURED,PARTY_COUNT,PRIMARY_COLL_FACTOR,PCF_CODE_OF_VIOL,PCF_VIOL_CATEGORY,PCF_VIOLATION,PCF_VIOL_SUBSECTION,HIT_AND_RUN,TYPE_OF_COLLISION,MVIW,PED_ACTION,ROAD_SURFACE,ROAD_COND_1,ROAD_COND_2,LIGHTING,CONTROL_DEVICE,CHP_ROAD_TYPE,PEDESTRIAN_ACCIDENT,BICYCLE_ACCIDENT,MOTORCYCLE_ACCIDENT,TRUCK_ACCIDENT,NOT_PRIVATE_PROPERTY,ALCOHOL_INVOLVED,STWD_VEHTYPE_AT_FAULT,CHP_VEHTYPE_AT_FAULT,COUNT_SEVERE_INJ,COUNT_VISIBLE_INJ,COUNT_COMPLAINT_PAIN,COUNT_PED_KILLED,COUNT_PED_INJURED,COUNT_BICYCLIST_KILLED,COUNT_BICYCLIST_INJURED,COUNT_MC_KILLED,COUNT_MC_INJURED,PRIMARY_RAMP,SECONDARY_RAMP,LATITUDE,LONGITUDE,COUNTY,CITY,POINT_X,POINT_Y
8943073,2019,3/4/20,103,6/5/19,2000,10,,3,5,6,103,0,0,0,,0,10,ASHBY AV,KING ST,0,,Y,A,-,Y,ALA,4,13,-,-,12.5,I,5,S,N,3,0,2,2,D,-,0,,,N,D,C,A,A,H,-,A,A,0,,,,,Y,,-,- ,0,2,0,0,0,0,0,0,0,- ,- ,37.85367966,-122.2745209,ALAMEDA,BERKELEY,-122.2743454,37.85390472
8943081,2019,9/25/19,103,6/18/19,1428,110,,2,5,6,103,0,0,0,,0,6,BENVENUE AV,DERBY ST,25,N,N,A,-,N,,,,,,,,,,N,3,0,1,2,A,-,9,21804,A,N,B,C,A,A,A,H,A,D,0,,,,,Y,,A,1,0,1,0,0,0,0,0,0,0,- ,- ,,,ALAMEDA,BERKELEY,-122.254776,37.86178589
8943092,2019,9/25/19,103,6/1/19,220,94,28,6,5,6,103,0,0,0,,0,6,CHANNING,DANA ST,200,E,N,A,-,N,,,,,,,,,,Y,3,0,2,3,A,-,1,23153,A,N,C,E,A,A,H,-,C,A,0,,,,,Y,Y,A,7,0,2,0,0,0,0,0,0,0,- ,- ,37.86660004,-122.2610779,ALAMEDA,BERKELEY,-122.2603836,37.86671448
8943093,2019,9/25/19,103,6/21/19,759,13,,5,5,6,103,0,0,0,,0,4,SHATTUCK,HASTE,0,,Y,B,-,N,,,,,,,,,,Y,3,0,1,2,A,-,12,21453,A,N,D,C,A,A,H,-,A,A,0,,,,,Y,,D,22,0,1,0,0,0,0,0,0,0,- ,- ,,,ALAMEDA,BERKELEY,-122.2675095,37.86487961
8947299,2019,10/9/19,103,6/1/19,2311,98,3901,6,5,6,103,0,0,0,,0,9,ADELINE,MARTIN LUTHER KING JR,0,,Y,A,-,N,,,,,,,,,,Y,3,0,3,3,A,-,3,22350,,F,A,E,A,A,H,-,C,A,0,,,,,Y,,A,1,0,1,2,0,0,0,0,0,0,- ,- ,37.86840057,-122.2678604,ALAMEDA,BERKELEY,-122.2717667,37.84709167
8947303,2019,10/9/19,103,6/13/19,1122,85,,4,5,6,103,0,0,0,,0,9,RUSSELL,MABEL,111,E,N,A,-,N,,,,,,,,,,N,3,0,2,3,A,-,21,22106,,N,G,B,D,A,H,-,A,D,0,Y,,,,Y,,A,7,0,2,0,0,2,0,0,0,0,- ,- ,37.85411072,-122.2841873,ALAMEDA,BERKELEY,-122.2840042,37.85410309
8947307,2019,10/7/19,103,6/3/19,1856,115,,1,5,6,103,0,0,0,,0,14,UNIVERSITY,10TH,0,,Y,A,-,N,,,,,,,,,,N,4,0,1,2,A,-,10,21950,A,N,G,B,B,A,H,-,A,D,0,Y,,,,Y,,A,1,0,0,1,0,1,0,0,0,0,- ,- ,37.86800003,-122.2929993,ALAMEDA,BERKELEY,-122.2933273,37.86893082
8964588,2019,1/11/20,103,9/20/19,1420,6,,5,5,6,103,0,0,0,,0,3,UNIVERSITY,SHATTUCK AV,0,,Y,A,-,N,,,,,,,,,,N,3,0,1,1,C,-,18,,,N,H,A,A,A,D,H,A,A,0,,,Y,,Y,,-,- ,0,1,0,0,0,0,0,0,1,- ,- ,38.87215042,-122.2684097,ALAMEDA,BERKELEY,-122.2683868,37.87220001
8964592,2019,1/11/20,103,9/24/19,1016,40,,2,5,6,103,0,0,0,,0,4,MARTIN LUTHER KING JR,PARKER ST,0,,Y,A,-,N,,,,,,,,,,N,4,0,1,2,A,-,10,21950,A,N,G,B,B,A,H,-,C,D,0,Y,,,,Y,,A,1,0,0,1,0,1,0,0,0,0,- ,- ,37.8615303,-122.2718964,ALAMEDA,BERKELEY,-122.2719193,37.86154938
8965044,2019,10/31/19,103,7/31/19,1638,16,24,3,5,6,103,0,0,0,,0,3,UNIVERSITY,SHATTUCK,0,,Y,A,-,N,,,,,,,,,,N,4,0,1,2,A,-,12,21453,A,N,G,B,B,A,H,-,A,A,0,Y,,,,Y,,A,1,0,0,1,0,1,0,0,0,0,- ,- ,37.87215042,-122.2684097,ALAMEDA,BERKELEY,-122.2683868,37.87220001
8965050,2019,10/28/19,103,7/1/19,1328,85,,1,5,6,103,0,0,0,,0,10,OREGON,MLK JR,0,,Y,A,-,N,,,,,,,,,,Y,4,0,1,2,A,-,3,22350,,N,C,D,A,A,H,-,A,D,0,,,Y,,Y,,C,2,0,0,1,0,0,0,0,0,1,- ,- ,37.85705185,-122.2713928,ALAMEDA,BERKELEY,-122.271431,37.85702896
8965054,2019,10/28/19,103,7/6/19,1259,45,,6,5,6,103,0,0,0,,0,16,SANTA FE AV,GILMAN,0,,Y,A,-,N,,,,,,,,,,N,3,0,1,2,A,-,9,21802,A,N,D,C,A,A,H,-,A,A,0,,,Y,,Y,,C,2,0,1,0,0,0,0,0,0,1,- ,- ,37.88146973,-122.2908707,ALAMEDA,BERKELEY,-122.2908783,37.8814888
8965058,2019,10/28/19,103,7/6/19,1404,S9,,6,5,6,103,0,0,0,,0,10,MARTIN LUTHER KING JR,WARD ST,25,N,N,A,-,N,,,,,,,,,,N,3,0,2,3,A,-,3,22350,,N,C,C,A,A,H,-,A,D,0,,,,,Y,,A,1,0,1,1,0,0,0,0,0,0,- ,- ,37.85886002,-122.2715988,ALAMEDA,BERKELEY,-122.271637,37.85890961
8965062,2019,10/28/19,103,7/8/19,1848,115,,1,5,6,103,0,0,0,,0,16,DELAWARE,SACRAMENTO ST,300,W,N,A,-,N,,,,,,,,,,N,2,0,1,1,A,-,3,22350,,N,H,-,A,A,H,-,A,D,0,,Y,,,Y,,L,4,1,0,0,0,0,0,1,0,0,- ,- ,37.87284088,-122.2862625,ALAMEDA,BERKELEY,-122.2833786,37.87294006
8965066,2019,10/29/19,103,7/9/19,1647,26,,2,5,6,103,0,0,0,,0,16,SAN PABLO,CEDAR ST,120,N,N,A,-,N,,,,,,,,,,N,3,0,1,2,A,-,7,21658,A,F,B,C,A,A,H,-,A,A,0,,,,,Y,,A,1,0,1,0,0,0,0,0,0,0,- ,- ,,,ALAMEDA,BERKELEY,-122.294281,37.8755188
8965070,2019,10/29/19,103,7/10/19,1101,85,,3,5,6,103,0,0,0,,0,15,CEDAR,6TH,0,,Y,A,-,N,,,,,,,,,,N,4,0,1,2,A,-,12,21453,A,N,D,C,A,A,H,-,A,A,0,,,,,Y,,A,1,0,0,1,0,0,0,0,0,0,- ,- ,37.87408829,-122.2996292,ALAMEDA,BERKELEY,-122.2996597,37.87408829
8965074,2019,10/29/19,103,7/10/19,1307,112,,3,5,6,103,0,0,0,,0,6,BANCROFT,TELEGRAPH AV,152,W,N,A,-,N,,,,,,,,,,N,3,0,1,2,A,-,4,21703,,N,C,C,A,A,H,-,A,A,0,,,Y,,Y,,C,3,0,1,0,0,0,0,0,0,1,- ,- ,37.86837006,-122.2596512,ALAMEDA,BERKELEY,-122.2597275,37.86865997
8965078,2019,10/29/19,103,7/10/19,1924,1,,3,5,6,103,0,0,0,,0,14,6TH,UNIVERSITY,0,,Y,A,-,N,,,,,,,,,,N,3,0,2,3,A,-,10,21950,A,N,G,B,B,A,H,-,B,A,0,Y,,,,Y,,A,1,0,2,0,0,2,0,0,0,0,- ,- ,37.86798859,-122.2976608,ALAMEDA,BERKELEY,-122.2977066,37.86796951
8965082,2019,10/29/19,103,7/11/19,824,13,,4,5,6,103,0,0,0,,0,14,6TH ST,9TH ST 2200,0,,N,A,-,N,,,,,,,,,,N,3,0,1,1,A,-,3,22350,,N,E,I,A,A,H,-,A,A,0,,,Y,,Y,,C,3,0,1,0,0,0,0,0,0,1,- ,- ,37.86463165,-122.2934875,ALAMEDA,BERKELEY,,
8965086,2019,10/29/19,103,7/11/19,1803,95,,4,5,6,103,0,0,0,,0,6,BANCROFT,BOWDITCH ST,0,,Y,A,-,N,,,,,,,,,,N,3,0,1,2,A,-,10,21950,C,N,G,B,D,A,H,-,A,A,0,Y,,,,Y,,A,1,0,1,0,0,1,0,0,0,0,- ,- ,37.86899185,-122.2568893,ALAMEDA,BERKELEY,-122.256897,37.86901093
8965090,2019,10/29/19,103,7/13/19,1126,133,,6,5,6,103,0,0,0,,0,8,CLAREMONT,THE UPLAND,0,,Y,A,-,N,,,,,,,,,,N,4,0,1,2,D,-,0,,,N,G,B,B,A,H,-,A,D,0,Y,,,,Y,,-,- ,0,0,1,0,1,0,0,0,0,- ,- ,37.85448837,-122.2481918,ALAMEDA,BERKELEY,-122.2481689,37.85449982
8965094,2019,10/29/19,103,7/15/19,2218,16,29,1,5,6,103,0,0,0,,0,5,BANCROFT,FULTON AV,0,,Y,A,-,N,,,,,,,,,,Y,4,0,2,2,A,-,12,21453,A,N,D,C,A,A,H,-,C,A,0,,,,,Y,,A,1,0,0,2,0,0,0,0,0,0,- ,- ,37.86782837,-122.2659531,ALAMEDA,BERKELEY,-122.2659302,37.86783981
8965098,2019,10/29/19,103,7/16/19,1538,122,,2,5,6,103,0,0,0,,0,1,SUTTER,HOPKINS,0,,Y,A,-,N,,,,,,,,,,,4,0,1,1,D,-,0,,,N,H,A,A,A,H,-,A,A,0,,Y,,,Y,,-,- ,0,0,1,0,0,0,1,0,0,- ,- ,37.8888588,-122.272377,ALAMEDA,BERKELEY,-122.2723923,37.88848877
8965102,2019,10/29/19,103,7/17/19,46,54,,3,5,6,103,0,0,0,,0,1,LOS ANGELES,THE CIRCLE,136,E,N,B,-,N,,,,,,,,,,Y,3,0,1,2,A,-,1,23152,A,N,B,E,A,A,H,-,D,D,0,,,,,Y,Y,A,1,0,1,0,0,0,0,0,0,0,- ,- ,37.89025116,-122.2719116,ALAMEDA,BERKELEY,-122.2725525,37.89017105
8965103,2019,10/31/19,103,7/25/19,1427,59,32,4,5,6,103,0,0,0,,0,13,DWIGHT,9TH,0,,Y,A,-,N,,,,,,,,,,Y,3,0,1,2,A,-,0,22460,A,N,D,G,A,A,H,-,A,A,0,,Y,,,Y,,A,1,0,1,0,0,0,0,1,0,0,- ,- ,37.86064148,-122.2918167,ALAMEDA,BERKELEY,-122.291832,37.86064911
8965106,2019,10/29/19,103,7/19/19,1442,13,,5,5,6,103,0,0,0,,0,12,DWIGHT,CURTIS,0,,Y,A,-,N,,,,,,,,,,N,4,0,1,2,A,-,3,22350,,N,C,C,A,A,H,-,A,A,0,,,,,Y,,A,1,0,0,1,0,0,0,0,0,0,- ,- ,37.8613205,-122.2878571,ALAMEDA,BERKELEY,-122.2878799,37.8613205
8965107,2019,11/4/19,103,7/27/19,144,95,,6,5,6,103,0,0,0,,0,7,COLLEGE,WOOLSEY,0,,Y,A,-,N,,,,,,,,,,Y,3,0,5,1,A,-,1,23153,A,N,D,C,A,-,H,-,D,A,0,,,,,Y,Y,A,1,0,2,3,0,0,0,0,0,0,- ,- ,37.85390091,-122.2527313,ALAMEDA,BERKELEY,-122.252739,37.85388184
8965110,2019,10/29/19,103,7/19/19,1908,95,,5,5,6,103,0,0,0,,0,6,HILLEGASS,DWIGHT WY,394,S,N,A,-,N,,,,,,,,,,N,2,0,1,2,A,-,17,22517,,N,H,G,A,A,H,-,A,D,0,,Y,,,Y,,A,1,1,0,0,0,0,0,1,0,0,- ,- ,37.86418152,-122.2567673,ALAMEDA,BERKELEY,-122.2563782,37.86429977
8965111,2019,10/31/19,103,7/27/19,948,13,,6,5,6,103,0,0,0,,0,8,STUART,FULTON,0,,Y,B,-,N,,,,,,,,,,N,3,0,1,1,A,-,3,22350,,N,E,I,A,A,H,-,A,A,0,,Y,,,Y,,L,4,0,1,0,0,0,0,1,0,0,- ,- ,37.85889053,-122.2641296,ALAMEDA,BERKELEY,-122.264122,37.85889816
8965114,2019,12/4/19,103,7/20/19,1436,13,,6,5,6,103,0,0,0,,0,13,MURRAY,9TH,0,,Y,A,-,N,,,,,,,,,,N,3,0,1,2,A,-,9,21804,,N,D,C,A,A,H,-,A,A,0,,,Y,,Y,,C,3,0,1,0,0,0,0,0,0,1,- ,- ,37.85118103,-122.2892532,ALAMEDA,BERKELEY,-122.289238,37.85118866
8965115,2019,10/31/19,103,7/27/19,2008,34,,6,5,6,103,0,0,0,,0,5,SHATTUCK,CHANNING,0,,Y,A,-,N,,,,,,,,,,N,3,0,1,1,A,-,3,22350,,N,E,I,A,A,H,-,B,A,0,,,,,Y,,A,1,0,1,0,0,0,0,0,0,0,- ,- ,37.86577988,-122.2675781,ALAMEDA,BERKELEY,-122.2676163,37.86577988
8965118,2019,10/29/19,103,7/20/19,1401,13,,6,5,6,103,0,0,0,,0,8,TELEGRAPH,PRINCE DR,0,,Y,A,-,N,,,,,,,,,,N,4,0,1,2,A,-,9,21801,A,N,D,C,A,A,H,-,A,A,0,,,,,Y,,A,8,0,0,1,0,0,0,0,0,0,- ,- ,37.85351181,-122.2605896,ALAMEDA,BERKELEY,-122.2600403,37.85372162
8965119,2019,10/31/19,103,7/28/19,2025,98,24,7,5,6,103,0,0,0,,0,3,HEARST,MARTIN LUTHER KING JR,0,,Y,A,-,N,,,,,,,,,,,4,0,1,2,A,-,12,21453,A,N,B,C,A,A,H,-,C,A,0,,,,,Y,,A,1,0,0,1,0,0,0,0,0,0,- ,- ,37.87329865,-122.273201,ALAMEDA,BERKELEY,-122.273201,37.87332916
8965122,2019,10/30/19,103,7/9/19,1353,50,,2,5,6,103,0,0,0,,0,3,VIRGINIA,MLK JR,0,,Y,A,-,N,,,,,,,,,,N,4,0,1,2,A,-,9,21802,A,N,D,G,A,A,H,-,A,A,0,,Y,,,Y,,L,4,0,0,1,0,0,0,1,0,0,- ,- ,37.87601089,-122.2734985,ALAMEDA,BERKELEY,-122.2735291,37.87599945
8965134,2019,10/30/19,103,7/11/19,1432,34,,4,5,6,103,0,0,0,,0,13,6TH,CHANNING,0,,Y,A,-,N,,,,,,,,,,N,3,0,1,2,A,-,9,21802,A,N,D,C,A,A,H,-,A,A,0,,,,,Y,,A,1,0,1,0,0,0,0,0,0,0,- ,- ,37.86174011,-122.2956467,ALAMEDA,BERKELEY,-122.2956696,37.86175156
8965142,2019,10/30/19,103,7/16/19,1224,3,26,2,5,6,103,0,0,0,,0,4,OXFORD,CENTER ST,35,S,N,A,-,N,,,,,,,,,,N,3,0,1,2,A,-,21,22106,,N,E,E,A,A,H,-,A,D,0,,,Y,,Y,,D,22,0,1,0,0,0,0,0,0,1,- ,- ,37.87057877,-122.2658768,ALAMEDA,BERKELEY,-122.2659302,37.87049484
8965189,2019,10/30/19,103,7/2/19,1720,8,29,2,5,6,103,0,0,0,,0,3,MILVIA,UNIVERSITY,0,,Y,A,-,N,,,,,,,,,,Y,4,0,1,2,A,-,8,22107,,F,A,C,A,A,H,-,A,A,0,,,,,Y,,D,22,0,0,1,0,0,0,0,0,0,- ,- ,37.87184906,-122.2707214,ALAMEDA,BERKELEY,-122.2707596,37.87189865
8965197,2019,10/30/19,103,7/7/19,414,45,,7,5,6,103,0,0,0,,0,2,CEDAR,WALNUT ST,111,E,N,A,-,N,,,,,,,,,,Y,3,0,2,4,A,-,6,21750,,N,A,C,A,A,H,-,A,D,0,,,,,Y,,A,1,0,1,1,0,0,0,0,0,0,- ,- ,37.8787117,-122.266861,ALAMEDA,BERKELEY,-122.2675934,37.8786087
8970171,2019,11/15/19,103,8/15/19,1835,159,,4,5,6,103,0,0,0,,0,5,SHATTUCK,DWIGHT WY,83,N,N,A,-,N,,,,,,,,,,N,4,0,2,4,A,-,3,22350,,N,C,C,A,A,H,-,A,D,0,,,,,Y,,I,12,0,0,2,0,0,0,0,0,0,- ,- ,37.86487961,-122.2674713,ALAMEDA,BERKELEY,-122.2675171,37.86415863
8970199,2019,11/22/19,103,8/9/19,2135,19,,5,5,6,103,0,0,0,,0,15,GILMAN,EASTSHORE,0,,Y,A,-,N,,,,,,,,,,Y,3,0,1,2,A,-,9,21801,A,N,B,C,A,A,H,-,C,D,0,,,,Y,Y,,A,1,0,1,0,0,0,0,0,0,0,- ,- ,37.8780899,-122.3076096,ALAMEDA,BERKELEY,-122.3064804,37.87833023
8970337,2019,11/7/19,103,8/15/19,910,76,34,4,5,6,103,0,0,0,,0,5,MCGEE,PARKER,0,,Y,A,-,N,,,,,,,,,,Y,3,0,2,2,A,-,9,21802,A,N,D,D,A,A,H,-,A,A,0,,,,,Y,,A,1,0,2,0,0,0,0,0,0,0,- ,- ,,,ALAMEDA,BERKELEY,-122.2761612,37.86104965
8970341,2019,11/7/19,103,8/14/19,801,112,,3,5,6,103,0,0,0,,0,2,EUCLID,CEDAR,0,,Y,A,-,N,,,,,,,,,,N,2,0,1,2,A,-,10,21950,A,N,G,B,B,A,H,-,A,A,0,Y,,,,Y,,A,1,1,0,0,0,1,0,0,0,0,- ,- ,37.87947083,-122.2610474,ALAMEDA,BERKELEY,-122.2610397,37.87947083
8970345,2019,11/7/19,103,8/13/19,1240,8,17,2,5,6,103,0,0,0,,0,2,WALNUT,CEDAR,0,,Y,A,-,N,,,,,,,,,,N,3,0,1,2,A,-,3,22350,,N,C,G,A,A,H,-,A,A,0,,Y,,,Y,,A,7,0,1,0,0,0,0,1,0,0,- ,- ,37.87855911,-122.2679977,ALAMEDA,BERKELEY,-122.2679672,37.87855911
8970349,2019,11/7/19,103,8/5/19,1006,70,,1,5,6,103,0,0,0,,0,4,OXFORD,BERKELEY WY,125,S,N,A,-,N,,,,,,,,,,N,2,0,1,2,A,-,8,22107,,N,C,G,A,A,H,-,A,D,0,,Y,,,Y,,L,4,1,0,0,0,0,0,1,0,0,- ,- ,37.87088013,-122.2658768,ALAMEDA,BERKELEY,-122.2662201,37.87299728
8970353,2019,11/7/19,103,8/12/19,844,32,,1,5,6,103,0,0,0,,0,9,ALCATRAZ,ADELINE,0,,Y,A,-,N,,,,,,,,,,Y,3,0,1,2,A,-,9,21801,A,N,D,C,A,A,H,-,A,A,0,,,Y,,Y,,A,1,0,1,0,0,0,0,0,0,1,- ,- ,37.84875107,-122.2714462,ALAMEDA,BERKELEY,-122.2715302,37.84872818
8970357,2019,11/7/19,103,8/11/19,1128,2,24,7,5,6,103,0,0,0,,0,4,UNIVERSITY,BONITA,0,,Y,A,-,N,,,,,,,,,,N,3,0,1,2,A,-,3,22350,,N,C,C,A,A,H,-,A,D,0,,,Y,,Y,,C,2,0,1,0,0,0,0,0,0,1,- ,- ,37.87170029,-122.2718735,ALAMEDA,BERKELEY,-122.2718964,37.87174988
8970361,2019,11/7/19,103,8/9/19,1750,28,,5,5,6,103,0,0,0,,0,7,PIEDMONT AV,DWIGHT WY,0,,Y,A,-,N,,,,,,,,,,N,3,0,1,2,A,-,3,22350,,N,C,C,A,A,H,-,A,A,0,,,,,Y,,A,1,0,1,0,0,0,0,0,0,0,- ,- ,,,ALAMEDA,BERKELEY,-122.2516022,37.86587143
8970365,2019,11/7/19,103,8/8/19,1441,144,,4,5,6,103,0,0,0,,0,14,ADDISON ST,7TH ST,0,,Y,A,-,N,,,,,,,,,,N,3,0,1,2,A,-,10,21950,A,F,G,B,B,A,H,-,A,A,0,Y,,,,Y,,A,1,0,1,0,0,1,0,0,0,0,- ,- ,,,ALAMEDA,BERKELEY,-122.2962189,37.86690903
8970377,2019,11/7/19,103,8/6/19,1813,78,,2,5,6,103,0,0,0,,0,16,ACTON,CEDAR,0,,Y,A,-,N,,,,,,,,,,N,3,0,1,2,A,-,10,21950,A,N,G,B,B,A,H,-,B,D,0,Y,,,,Y,,A,1,0,1,0,0,1,0,0,0,0,- ,- ,37.87638092,-122.2850113,ALAMEDA,BERKELEY,-122.2850037,37.87638855
8970381,2019,11/7/19,103,8/3/19,1830,130,,6,5,6,103,0,0,0,,0,14,BOLIVAR DR,BOLIVAR DR 1,0,,-,F,-,N,,,,,,,,,,N,3,0,1,2,A,-,3,22350,,F,A,C,A,-,H,-,B,D,0,,Y,,,Y,,A,1,0,1,0,0,0,0,1,0,0,- ,- ,37.86434937,-122.3036118,ALAMEDA,BERKELEY,,
8970385,2019,11/22/19,103,8/5/19,823,33,20,1,5,6,103,0,0,0,,0,15,7TH,CAMELIA,0,,Y,B,-,N,,,,,,,,,,Y,3,0,1,2,A,-,9,21802,A,N,D,C,A,-,H,-,A,A,0,,,,,Y,,A,1,0,1,0,0,0,0,0,0,0,- ,- ,37.87783051,-122.2997208,ALAMEDA,BERKELEY,-122.2997131,37.87783813
8970389,2019,11/7/19,103,8/3/19,2014,86,,6,5,6,103,0,0,0,,0,10,DERBY,MARTIN LUTHER KING JR,0,,Y,A,-,N,,,,,,,,,,N,2,0,1,2,A,-,11,21456,B,N,G,B,B,A,H,-,A,A,0,Y,,,,Y,,N,60,1,0,0,0,1,0,0,0,0,- ,- ,37.85977173,-122.271698,ALAMEDA,BERKELEY,-122.2717133,37.85974121
8970393,2019,11/7/19,103,8/3/19,1942,94,25,6,5,6,103,0,0,0,,0,2,CEDAR,LA VEREDA RD,30,W,N,A,-,N,,,,,,,,,,N,3,0,1,3,A,-,13,22515,,N,B,E,A,A,H,-,A,D,0,,,,,Y,,A,7,0,1,0,0,0,0,0,0,0,- ,- ,37.87971115,-122.2571869,ALAMEDA,BERKELEY,-122.256813,37.88000107
8970397,2019,11/7/19,103,8/3/19,1800,67,,6,5,6,103,0,0,0,,0,5,SHATTUCK,PARKER,0,,Y,A,-,N,,,,,,,,,,N,3,0,1,2,A,-,9,21802,A,N,D,C,A,A,H,-,A,A,0,,,Y,,Y,,A,1,0,1,0,0,0,0,0,0,1,- ,- ,37.86275101,-122.2669678,ALAMEDA,BERKELEY,-122.2672119,37.86214828
8970881,2019,11/12/19,103,8/2/19,1450,13,,5,5,6,103,0,0,0,,0,9,SACRAMENTO ST,JULIA ST,0,,Y,A,-,N,,,13,,,,,,,N,3,0,1,2,A,-,4,21703,,N,C,C,A,A,H,-,A,A,0,,,,,Y,,A,1,0,1,0,0,0,0,0,0,0,- ,- ,37.85327911,-122.279007,ALAMEDA,BERKELEY,-122.2790146,37.85330582
8971052,2019,11/12/19,103,8/30/19,756,26,,5,5,6,103,0,0,0,,0,12,SACRAMENTO ST,BLAKE ST,40,S,N,A,-,N,,,,,,,,,,Y,3,0,1,4,A,-,8,22107,,N,C,E,A,A,H,-,A,A,0,,,,,Y,,A,1,0,1,0,0,0,0,0,0,0,- ,- ,37.86133957,-122.2807465,ALAMEDA,BERKELEY,-122.2808075,37.86122894
8971056,2019,11/12/19,103,8/29/19,1710,122,,4,5,6,103,0,0,0,,0,1,ROSE ST,SHATTUCK PL,0,,Y,A,-,N,,,,,,,,,,Y,3,0,1,4,A,-,12,21453,A,N,D,C,A,A,H,-,A,A,0,,,,,Y,,A,1,0,1,0,0,0,0,0,0,0,- ,- ,37.88219833,-122.2703781,ALAMEDA,BERKELEY,-122.2705078,37.88191986
8971060,2019,11/12/19,103,8/28/19,830,152,,3,5,6,103,0,0,0,,0,8,OREGON ST,FULTON ST,0,,Y,A,-,N,,,,,,,,,,N,2,0,1,2,A,-,10,21950,A,N,G,B,B,A,H,-,A,D,0,Y,,,,Y,,A,1,1,0,0,0,1,0,0,0,0,- ,- ,37.85800171,-122.2639008,ALAMEDA,BERKELEY,-122.2639313,37.85800171
8971064,2019,11/12/19,103,8/27/19,1224,85,,2,5,6,103,0,0,0,,0,15,GILMAN AV,2ND ST,81,E,N,A,-,N,,,,,,,,,,N,3,0,1,2,A,-,3,22350,,N,D,G,A,A,H,-,A,D,0,,Y,,,Y,,L,4,0,1,0,0,0,0,1,0,0,- ,- ,37.87928009,-122.3041763,ALAMEDA,BERKELEY,-122.3054962,37.87852478
8971068,2019,11/12/19,103,8/27/19,815,3,11,2,5,6,103,0,0,0,,0,1,EUCLID AV,ACACIA AV,520,S,N,A,-,N,,,,,,,,,,N,3,0,1,2,C,-,18,,,N,H,H,A,A,H,-,A,D,0,,Y,,,Y,,-,- ,0,1,0,0,0,0,1,0,0,- ,- ,37.89999008,-122.2667007,ALAMEDA,BERKELEY,-122.2671814,37.89943314
8971072,2019,11/12/19,103,8/26/19,137,86,,1,5,6,103,0,0,0,,0,7,PIEDMONT AV,DURANT AV,0,,Y,A,-,N,,,,,,,,,,Y,3,0,1,1,A,-,1,23152,A,M,E,I,A,A,H,-,C,A,0,,,,,Y,Y,A,1,0,1,0,0,0,0,0,0,0,- ,- ,37.86729813,-122.253479,ALAMEDA,BERKELEY,-122.2522888,37.86867905
8971076,2019,11/12/19,103,8/24/19,1943,86,,6,5,6,103,0,0,0,,0,10,SACRAMENTO ST,RUSSELL ST,0,,Y,A,-,N,,,,,,,,,,Y,3,0,1,2,A,-,12,22450,A,F,D,C,A,A,H,-,A,D,0,,,,,Y,,A,1,0,1,0,0,0,0,0,0,0,- ,- ,37.85602188,-122.2796097,ALAMEDA,BERKELEY,-122.2794418,37.85486984
8971080,2019,11/12/19,103,8/25/19,1238,67,,7,5,6,103,0,0,0,,0,5,DURANT AV,SHATTUCK AV,219,W,N,A,-,N,,,,,,,,,,N,3,0,1,2,A,-,6,21751,,N,D,G,A,A,H,-,A,A,0,,Y,,,Y,,L,4,0,1,0,0,0,0,1,0,0,- ,- ,37.86635971,-122.2701187,ALAMEDA,BERKELEY,-122.2684784,37.86659241
8971084,2019,11/12/19,103,8/24/19,1810,6,,6,5,6,103,0,0,0,,0,3,MARTIN LUTHER KING JR WY,BERKELEY WY,0,,Y,A,-,N,,,,,,,,,,N,3,0,1,2,A,-,9,21801,A,N,B,C,A,A,H,-,A,A,0,,,,,Y,,A,7,0,1,0,0,0,0,0,0,0,- ,- ,37.87245178,-122.2730789,ALAMEDA,BERKELEY,-122.2731094,37.87245178