CASE_ID,ACCIDENT_YEAR,PROC_DATE,JURIS,COLLISION_DATE,COLLISION_TIME,OFFICER_ID,REPORTING_DISTRICT,DAY_OF_WEEK,CHP_SHIFT,POPULATION,CNTY_CITY_LOC,SPECIAL_COND,BEAT_TYPE,CHP_BEAT_TYPE,CITY_DIVISION_LAPD,CHP_BEAT_CLASS,BEAT_NUMBER,PRIMARY_RD,SECONDARY_RD,DISTANCE,DIRECTION,INTERSECTION,WEATHER_1,WEATHER_2,STATE_HWY_IND,CALTRANS_COUNTY,CALTRANS_DISTRICT,STATE_ROUTE,ROUTE_SUFFIX,POSTMILE_PREFIX,POSTMILE,LOCATION_TYPE,RAMP_INTERSECTION,SIDE_OF_HWY,TOW_AWAY,COLLISION_SEVERITY,NUMBER_KILLED,NUMBER_INJURED,PARTY_COUNT,PRIMARY_COLL_FACTOR,PCF_CODE_OF_VIOL,PCF_VIOL_CATEGORY,PCF_VIOLATION,PCF_VIOL_SUBSECTION,HIT_AND_RUN,TYPE_OF_COLLISION,MVIW,PED_ACTION,ROAD_SURFACE,ROAD_COND_1,ROAD_COND_2,LIGHTING,CONTROL_DEVICE,CHP_ROAD_TYPE,PEDESTRIAN_ACCIDENT,BICYCLE_ACCIDENT,MOTORCYCLE_ACCIDENT,TRUCK_ACCIDENT,NOT_PRIVATE_PROPERTY,ALCOHOL_INVOLVED,STWD_VEHTYPE_AT_FAULT,CHP_VEHTYPE_AT_FAULT,COUNT_SEVERE_INJ,COUNT_VISIBLE_INJ,COUNT_COMPLAINT_PAIN,COUNT_PED_KILLED,COUNT_PED_INJURED,COUNT_BICYCLIST_KILLED,COUNT_BICYCLIST_INJURED,COUNT_MC_KILLED,COUNT_MC_INJURED,PRIMARY_RAMP,SECONDARY_RAMP,LATITUDE,LONGITUDE,COUNTY,CITY,POINT_X,POINT_Y
9029009,2019,2/3/20,103,12/18/19,1100,25,,3,5,6,103,0,0,0,,0,4,BONITA,UNIVERSITY,0,,Y,A,-,N,,,,,,,,,,N,3,0,1,2,A,-,8,22107,,N,B,C,A,B,H,-,A,D,0,,,Y,,Y,,A,1,0,1,0,0,0,0,0,0,1,- ,- ,37.87170029,-122.2718735,ALAMEDA,BERKELEY,-122.2718964,37.87174988
9029011,2019,1/27/20,103,11/10/19,1844,15,,7,5,6,103,0,0,0,,0,2,OXFORD,HEARST,0,,Y,A,-,N,,,,,,,,,,N,2,0,1,1,A,-,8,22107,,N,E,I,A,A,D,-,C,D,0,,Y,,,Y,,L,4,1,0,0,0,0,0,1,0,0,- ,- ,37.87480164,-122.2661133,ALAMEDA,BERKELEY,-122.2663498,37.87416077
9029012,2019,1/27/20,103,11/29/19,1252,45,,5,5,6,103,0,0,0,,0,2,WILDCAT CANYON,CENTRAL PKWY,0,,Y,B,-,N,,,,,,,,,,N,3,0,1,1,A,-,3,22350,,N,G,I,A,D,B,-,A,D,0,,,Y,,Y,,C,2,0,1,0,0,0,0,0,0,1,- ,- ,37.89590836,-122.2551117,ALAMEDA,BERKELEY,-122.25576,37.89598
9029013,2019,2/3/20,103,12/18/19,1234,89,,3,5,6,103,0,0,0,,0,15,GILMAN,EASTSHORE HWY,0,,Y,C,-,N,,,,,,,,,,Y,4,0,1,2,A,-,9,21801,A,N,D,C,A,B,H,-,A,A,0,,,,,Y,,A,7,0,0,1,0,0,0,0,0,0,- ,- ,37.87829971,-122.306572,ALAMEDA,BERKELEY,-122.3064804,37.87833023
9029015,2019,1/27/20,103,11/10/19,1149,111,,7,5,6,103,0,0,0,,0,16,SANTA FE,GILMAN,0,,Y,A,-,N,,,,,,,,,,N,3,0,1,2,A,-,10,21950,A,N,G,B,B,-,H,-,-,A,0,Y,,,,Y,,A,1,0,1,0,0,1,0,0,0,0,- ,- ,37.88146973,-122.2908707,ALAMEDA,BERKELEY,-122.2908783,37.8814888
9029016,2019,1/27/20,103,11/27/19,2017,55,,3,5,6,103,0,0,0,,0,3,CURTIS,DELAWARE ST,115,N,N,B,-,N,,,,,,,,,,Y,4,0,1,3,A,-,1,23152,B,N,B,C,A,A,H,-,C,A,0,,,,,Y,Y,A,1,0,0,1,0,0,0,0,0,0,- ,- ,37.87252045,-122.2901382,ALAMEDA,BERKELEY,-122.2898407,37.87238312
9029017,2019,2/3/20,103,12/18/19,1645,46,,3,5,6,103,0,0,0,,0,7,DERBY,COLLEGE,0,,Y,C,-,N,,,,,,,,,,N,4,0,1,2,A,-,10,21950,A,N,G,B,B,B,H,-,B,D,0,Y,,,,Y,,A,1,0,0,1,0,1,0,0,0,0,- ,- ,37.86211014,-122.25354,ALAMEDA,BERKELEY,-122.2535477,37.86211014
9029019,2019,1/27/20,103,11/7/19,2228,54,,4,5,6,103,0,0,0,,0,2,CEDAR AV,LEROY,52,E,N,B,-,N,,,,,,,,,,Y,3,0,1,2,A,-,8,22107,,N,C,E,A,A,H,-,C,D,0,,,,,Y,,A,1,0,1,0,0,0,0,0,0,0,- ,- ,37.87973022,-122.2588272,ALAMEDA,BERKELEY,-122.2586288,37.87978363
9029020,2019,1/27/20,103,11/25/19,935,25,,1,5,6,103,0,0,0,,0,3,ROSE AV,JOSEPHINE,0,,Y,A,-,N,,,,,,,,,,N,3,0,1,2,A,-,9,21801,A,N,D,G,A,A,H,-,A,A,0,,Y,,,Y,,A,1,0,1,0,0,0,0,1,0,0,- ,- ,37.88129044,-122.275238,ALAMEDA,BERKELEY,-122.2751999,37.88129044
9029021,2019,6/24/20,103,12/18/19,1840,16,,3,5,6,103,0,0,0,,0,16,DELAWARE,SAN PABLO,0,,Y,C,-,Y,ALA,4,123,-,-,3.34,I,5,N,N,3,0,2,3,A,-,10,21950,A,N,G,B,B,B,H,-,C,A,0,Y,,,,Y,,A,1,0,2,0,0,2,0,0,0,0,- ,- ,37.87168884,-122.2929688,ALAMEDA,BERKELEY,-122.2929306,37.87171173
9029023,2019,1/27/20,103,11/6/19,1736,144,,3,5,6,103,0,0,0,,0,13,6TH,CHANNING,0,,Y,A,-,N,,,,,,,,,,Y,4,0,1,3,A,-,9,21802,A,N,D,C,A,-,H,-,B,D,0,,,,,Y,,A,1,0,0,1,0,0,0,0,0,0,- ,- ,,,ALAMEDA,BERKELEY,-122.2956696,37.86175156
9029024,2019,1/27/20,103,11/25/19,850,125,,1,5,6,103,0,0,0,,0,4,OXFORD,UNIVERSITY,0,,Y,A,-,N,,,,,,,,,,,3,0,1,2,A,-,10,21950,A,F,G,B,B,A,H,-,A,A,0,Y,,,,Y,,A,1,0,1,0,0,1,0,0,0,0,- ,- ,37.87245178,-122.2660828,ALAMEDA,BERKELEY,-122.2661667,37.87248993
9029025,2019,2/3/20,103,12/14/19,1328,157,,6,5,6,103,0,0,0,,0,9,ADELINE,ASHBY,0,,Y,A,-,N,,,,,,,,,,N,4,0,1,2,A,-,3,22350,,N,C,C,A,A,H,-,A,A,0,,,,,Y,,A,1,0,0,1,0,0,0,0,0,0,- ,- ,37.85454941,-122.2692108,ALAMEDA,BERKELEY,-122.2691498,37.85464096
9029027,2019,1/27/20,103,11/3/19,1735,28,,7,5,6,103,0,0,0,,0,3,SHATTUCK,HEARST,0,,Y,A,-,N,,,,,,,,,,N,4,0,2,2,A,-,8,22107,,N,B,C,A,A,H,-,C,A,0,,,,,Y,,A,1,0,0,2,0,0,0,0,0,0,- ,- ,37.87388992,-122.2685776,ALAMEDA,BERKELEY,-122.2686005,37.87384033
9029028,2019,1/27/20,103,11/24/19,2135,19,,7,5,6,103,0,0,0,,0,12,CHANNING,VALLEY,0,,Y,A,-,N,,,,,,,,,,Y,3,0,2,2,A,-,5,21651,A,F,A,C,A,A,H,-,D,D,0,,,,,Y,,A,1,0,2,0,0,0,0,0,0,0,- ,- ,37.86362839,-122.2841415,ALAMEDA,BERKELEY,-122.2841568,37.86363983
9029029,2019,2/3/20,103,12/14/19,1830,16,28,6,5,6,103,0,0,0,,0,6,DURANT,COLLEGE,0,,Y,A,-,N,,,,,,,,,,N,3,0,1,2,A,-,21,22106,,F,G,B,B,B,H,-,C,A,0,Y,,,,Y,,A,1,0,1,0,0,1,0,0,0,0,- ,- ,37.86838913,-122.2544327,ALAMEDA,BERKELEY,-122.2544708,37.86835861
9029031,2019,1/27/20,103,11/1/19,811,86,,5,5,6,103,0,0,0,,0,6,DWIGHT,DANA,0,,Y,A,-,N,,,,,,,,,,N,4,0,1,2,A,-,11,21456,B,N,G,B,B,A,H,-,A,A,0,Y,,,,Y,,N,60,0,0,1,0,1,0,0,0,0,- ,- ,37.86483002,-122.2607193,ALAMEDA,BERKELEY,-122.2607193,37.86481857
9029032,2019,1/27/20,103,11/24/19,1321,129,,7,5,6,103,0,0,0,,0,3,HEARST,SHATTUCK,0,,Y,A,-,N,,,,,,,,,,N,3,0,1,2,A,-,9,21801,A,N,D,G,A,A,H,-,-,A,0,,Y,,,Y,,A,1,0,1,0,0,0,0,1,0,0,- ,- ,37.87388992,-122.2685776,ALAMEDA,BERKELEY,-122.2686005,37.87384033
9029033,2019,2/3/20,103,12/13/19,1250,8,30,5,5,6,103,0,0,0,,0,4,MARTIN LUTHER KING JR,CENTER ST,45,S,N,B,C,N,,,,,,,,,,N,3,0,2,3,A,-,21,22106,,N,B,C,A,B,H,-,A,D,0,,,,,Y,,A,1,0,1,1,0,0,0,0,0,0,- ,- ,37.87057877,-122.2728882,ALAMEDA,BERKELEY,-122.2727814,37.86953735
9029036,2019,1/27/20,103,11/23/19,1439,148,,6,5,6,103,0,0,0,,0,6,TELEGRAPH,PARKER,0,,Y,A,-,N,,,,,,,,,,N,3,0,1,2,A,-,11,21954,A,N,G,B,D,A,H,-,A,A,0,Y,,,,Y,,N,60,0,1,0,0,1,0,0,0,0,- ,- ,,,ALAMEDA,BERKELEY,-122.2587128,37.86323166
9029037,2019,2/3/20,103,12/13/19,1620,129,17,5,5,6,103,0,0,0,,0,2,CEDAR ST,WALNUT ST,0,,Y,C,-,N,,,,,,,,,,N,3,0,1,2,A,-,11,21950,B,N,G,B,D,B,H,-,A,D,0,Y,,,,Y,,N,60,0,1,0,0,1,0,0,0,0,- ,- ,37.87855911,-122.2679977,ALAMEDA,BERKELEY,-122.2679672,37.87855911
9029040,2019,1/27/20,103,11/23/19,1419,2,12,6,5,6,103,0,0,0,,0,1,MARIN,THE CIRCLE,35,W,N,A,-,N,,,,,,,,,,N,3,0,1,2,A,-,6,21760,C,N,B,G,A,A,H,-,A,D,0,,Y,,,Y,,A,7,0,1,0,0,0,0,1,0,0,- ,- ,37.89017868,-122.2723923,ALAMEDA,BERKELEY,-122.2725601,37.89001846
9029044,2019,2/5/20,103,12/12/19,1811,89,,4,5,6,103,0,0,0,,0,13,10TH ST,DWIGHT WY,0,,Y,B,-,N,,,,,,,,,,N,4,0,1,2,A,-,10,21950,A,N,G,B,B,B,H,-,C,D,0,Y,,,,Y,,A,1,0,0,1,0,1,0,0,0,0,- ,- ,37.86085892,-122.2907028,ALAMEDA,BERKELEY,-122.2907104,37.86087036
9029048,2019,2/5/20,103,12/12/19,1838,100,,4,5,6,103,0,0,0,,0,7,PIEDMONT AV,DWIGHT WY,66,N,N,B,-,N,,,,,,,,,,Y,3,0,1,5,A,-,3,22350,,F,B,C,A,A,H,-,C,D,0,,,,,Y,,A,1,0,1,0,0,0,0,0,0,0,- ,- ,37.86603165,-122.2656174,ALAMEDA,BERKELEY,-122.2516022,37.86587143
9029052,2019,2/5/20,103,12/12/19,1316,100,,4,5,6,103,0,0,0,,0,7,HASTE AV,COLLEGE AV,11,W,N,C,-,N,,,,,,,,,,N,4,0,1,2,A,-,10,21950,A,N,G,B,B,B,-,-,A,A,0,Y,,,,Y,,A,1,0,0,1,0,1,0,0,0,0,- ,- ,37.86661148,-122.2540817,ALAMEDA,BERKELEY,-122.2541504,37.86660385
9029056,2019,2/5/20,103,12/11/19,1558,89,,3,5,6,103,0,0,0,,0,15,6TH ST,GILMAN ST,0,,Y,C,-,N,,,,,,,,,,N,4,0,1,2,A,-,10,21950,A,N,A,B,B,B,H,-,A,A,0,Y,,,,Y,,A,1,0,0,1,0,1,0,0,0,0,- ,- ,37.87937164,-122.3012924,ALAMEDA,BERKELEY,-122.3013535,37.8793602
9029060,2019,2/5/20,103,12/11/19,1227,99,,3,5,6,103,0,0,0,,0,9,MARTIN LUTHER KING JR,ADELINE ST,55,S,N,C,-,N,,,,,,,,,,N,4,0,1,2,A,-,3,22350,,N,C,C,A,B,H,-,A,A,0,,,,,Y,,A,1,0,0,1,0,0,0,0,0,0,- ,- ,,,ALAMEDA,BERKELEY,-122.2716675,37.84696198
9029064,2019,2/5/20,103,12/10/19,1912,100,,2,5,6,103,0,0,0,,0,1,ROSE ST,SHATTUCK PL,0,,Y,C,-,N,,,,,,,,,,Y,4,0,2,2,A,-,8,22100,A,N,A,C,A,-,H,-,-,A,0,,,,,Y,,A,1,0,0,2,0,0,0,0,0,0,- ,- ,37.88188171,-122.2707138,ALAMEDA,BERKELEY,-122.2705078,37.88191986
9029068,2019,2/5/20,103,12/10/19,1859,14,,2,5,6,103,0,0,0,,0,4,CENTER ST,MILVIA ST,0,,Y,C,-,N,,,,,,,,,,N,3,0,1,2,A,-,10,21950,A,N,A,B,B,B,H,-,D,A,0,Y,,,,Y,Y,A,1,0,1,0,0,1,0,0,0,0,- ,- ,37.86997986,-122.2705536,ALAMEDA,BERKELEY,-122.2705536,37.86996078
9029072,2019,2/5/20,103,12/9/19,1359,4,,1,5,6,103,0,0,0,,0,5,MARTIN LUTHER KING JR,BLAKE,0,,Y,A,-,N,,,,,,,,,,Y,3,0,1,2,A,-,9,21804,A,N,D,C,A,A,H,-,A,D,0,,,,,Y,,A,1,0,1,0,0,0,0,0,0,0,- ,- ,37.86215973,-122.2722473,ALAMEDA,BERKELEY,-122.2720108,37.8624382
9029076,2019,2/4/20,103,12/8/19,1009,150,,7,5,6,103,0,0,0,,0,6,DWIGHT WY,BENVENUE AV,92,E,N,B,-,N,,,,,,,,,,N,3,0,1,2,A,-,3,22350,,N,C,E,A,B,H,-,A,D,0,,,,,Y,,A,1,0,1,0,0,0,0,0,0,0,- ,- ,37.86532974,-122.2546768,ALAMEDA,BERKELEY,-122.2548828,37.86558533
9029080,2019,2/14/20,103,12/7/19,1443,18,,6,5,6,103,0,0,0,,0,14,UNIVERSITY,7TH ST,88,E,N,B,C,N,,,,,,,,,,N,3,0,2,2,C,-,18,,,N,C,C,A,B,H,-,A,D,0,,,,,Y,,-,- ,0,2,0,0,0,0,0,0,0,- ,- ,37.86819839,-122.2966232,ALAMEDA,BERKELEY,-122.2963409,37.86831665
9029084,2019,2/4/20,103,12/6/19,1405,30,,5,5,6,103,0,0,0,,0,4,HASTE ST,MILVIA ST,0,,Y,A,-,N,,,,,,,,,,N,3,0,1,2,A,-,11,21950,B,N,G,B,B,A,H,-,A,A,0,Y,,,,Y,,N,60,0,1,0,0,1,0,0,0,0,- ,- ,,,ALAMEDA,BERKELEY,-122.269928,37.86457825
9029088,2019,2/4/20,103,12/6/19,2120,124,,5,5,6,103,0,0,0,,0,4,MARTIN LUTHER KING JR,ADDISON AV,0,,Y,C,-,N,,,,,,,,,,Y,3,0,1,2,A,-,10,21950,A,N,G,B,B,B,-,-,C,D,0,Y,,,,Y,,A,1,0,1,0,0,1,0,0,0,0,- ,- ,37.87057877,-122.2728882,ALAMEDA,BERKELEY,-122.2729111,37.87057114
9029092,2019,2/4/20,103,12/7/19,1150,108,,6,5,6,103,0,0,0,,0,13,7TH ST,ANTHONY ST,68,N,N,C,-,N,,,,,,,,,,N,3,0,1,3,A,-,8,22107,,F,B,B,E,B,H,-,A,D,0,Y,,,,Y,,A,1,0,1,0,0,1,0,0,0,0,- ,- ,37.85348129,-122.291893,ALAMEDA,BERKELEY,-122.2915497,37.85240936
9029096,2019,2/4/20,103,12/5/19,1902,50,24,4,5,6,103,0,0,0,,0,3,CEDAR ST,HENRY ST,0,,Y,A,-,N,,,,,,,,,,N,3,0,1,2,A,-,11,21950,B,N,G,B,B,A,H,-,C,A,0,Y,,,,Y,Y,A,1,0,1,0,0,1,0,0,0,0,- ,- ,37.8782692,-122.2703018,ALAMEDA,BERKELEY,-122.2702866,37.87828064
9029100,2019,2/4/20,103,12/4/19,1834,4,,3,5,6,103,0,0,0,,0,8,SHATTUCK AV,WOOLSEY ST,0,,Y,A,-,N,,,,,,,,,,N,2,0,1,2,A,-,10,21950,A,N,G,B,B,-,H,-,D,D,0,Y,,,,Y,,A,1,1,0,0,0,1,0,0,0,0,- ,- ,37.85237885,-122.2661209,ALAMEDA,BERKELEY,-122.2661514,37.85235977
9029104,2019,2/4/20,103,12/2/19,1438,25,,1,5,6,103,0,0,0,,0,4,UNIVERSITY,MARTIN LUTHER KING JR WY,180,W,N,C,-,N,,,,,,,,,,N,3,0,1,3,A,-,21,22106,,N,E,E,A,B,H,-,A,D,0,,,,,Y,,A,1,0,1,0,0,0,0,0,0,0,- ,- ,37.87118149,-122.2733307,ALAMEDA,BERKELEY,-122.2736282,37.87154007
90293549,2016,10/17/16,9370,10/5/16,1105,21215,,3,1,6,103,0,1,1,,2,81,I-80 E/B,GILMAN ST,1190,W,N,A,-,Y,,,80,,,,,,E,Y,4,0,1,2,A,-,8,22107,,N,E,I,A,A,H,-,A,D,0,,,,,Y,,A,1,0,0,1,0,0,0,0,0,0,- ,- ,37.8743,-122.30615,ALAMEDA,BERKELEY,-122.3060293,37.87433789
90300635,2016,10/25/16,9370,10/19/16,1540,21215,,3,2,6,103,0,1,1,,2,81,I-80 E/B,ASHBY AVE,50,E,N,A,-,Y,,,80,,,,,,E,N,4,0,2,2,A,-,3,22350,,N,C,C,A,A,H,-,A,D,0,,,,,Y,,D,22,0,0,2,0,0,0,0,0,0,- ,- ,37.84754,-122.29836,ALAMEDA,BERKELEY,-122.2985163,37.84750522
90306063,2016,10/28/16,9370,10/14/16,1311,21324,,5,1,6,103,0,1,1,,2,81,I-80 W/B TO ASHBY AVENUE,POWELL ST,3382,E,N,B,C,Y,,,80,,,,R,,W,Y,3,0,1,1,A,-,8,22107,,N,F,A,A,B,H,-,A,D,0,,,,,Y,,A,7,0,1,0,0,0,0,0,0,0,- ,- ,37.84727,-122.2994,ALAMEDA,BERKELEY,-122.2994,37.84727
90306433,2016,10/31/16,9370,10/27/16,40,20810,,4,3,6,103,0,1,1,,2,81,I-80 E/B,GILMAN ST,1400,E,N,B,-,Y,,,80,,,,,,E,Y,4,0,4,2,A,-,3,22350,,N,C,C,A,A,D,-,C,A,0,,,,,Y,Y,A,1,0,0,4,0,0,0,0,0,0,- ,- ,37.88193,-122.30809,ALAMEDA,BERKELEY,-122.3080717,37.88193373
90306666,2016,10/31/16,9370,10/23/16,1630,20949,,7,2,6,103,0,1,1,,2,81,I-80 W/B,UNIVERSITY AVE,200,W,N,A,-,Y,,,80,,,,,,W,N,4,0,1,2,A,-,3,22350,,N,B,C,A,A,H,-,A,D,0,,,Y,,Y,,C,2,0,0,1,0,0,0,0,0,1,- ,- ,37.86624,-122.30366,ALAMEDA,BERKELEY,-122.3037228,37.86622015
90307817,2016,10/31/16,9370,10/26/16,1700,18499,,3,2,6,103,0,1,1,,2,81,I-80 E/B,GILMAN ST,2190,W,N,A,-,Y,,,,,,,,,,N,4,0,1,2,A,-,3,22350,,N,C,C,A,A,H,-,A,C,0,,,,,Y,,D,22,0,0,1,0,0,0,0,0,0,- ,- ,37.87277,-122.30423,ALAMEDA,BERKELEY,,
90308851,2016,11/1/16,9370,10/25/16,1430,19469,,2,2,6,103,0,1,1,,2,81,I-80 W/B (EASTSHORE FREEWAY),UNVERSITY AVENUE,900,W,N,B,-,Y,,,80,,,,,,W,N,4,0,1,2,A,-,1,23152,E,M,B,C,A,A,H,-,A,D,0,,,,,Y,,A,1,0,0,1,0,0,0,0,0,0,- ,- ,37.86422,-122.30317,ALAMEDA,BERKELEY,-122.303165,37.86422135
90309402,2016,11/2/16,9370,10/28/16,1845,21299,,5,2,6,103,0,1,1,,2,81,I-80 E/B,GILMAN ST,1584,W,N,C,-,Y,,,80,,,,,,E,N,4,0,1,2,A,-,3,22350,,N,C,C,A,B,H,-,D,D,0,,,,,Y,,A,1,0,0,1,0,0,0,0,0,0,- ,- ,37.87384,-122.30592,ALAMEDA,BERKELEY,-122.3058755,37.8738559
90311960,2016,11/7/16,9370,11/3/16,905,20953,,4,1,6,103,0,1,1,,2,81,I-80 EASTBOUND,UNIVERSITY AVENUE,2012,W,N,A,-,Y,,,80,,,,,,E,Y,4,0,1,2,A,-,3,22350,,N,C,C,A,A,H,-,A,D,0,,,,,Y,,A,1,0,0,1,0,0,0,0,0,0,- ,- ,37.86131,-122.30208,ALAMEDA,BERKELEY,-122.302091,37.86130684
90312024,2016,11/7/16,9370,10/29/16,1244,21324,,6,1,6,103,0,1,1,,2,81,I-80 W/B,UNIVERSITY AVE,850,W,N,A,-,Y,,,80,,,,,,W,Y,4,0,1,5,A,-,1,23152,A,N,C,C,A,A,H,-,A,D,0,,,,,Y,Y,A,1,0,0,1,0,0,0,0,0,0,- ,- ,37.86438,-122.30315,ALAMEDA,BERKELEY,-122.3032034,37.86436576
90312062,2016,11/7/16,9370,11/3/16,640,21324,,4,1,6,103,0,1,1,,2,80,I-80 W/B,POWELL ST,1980,E,N,A,-,Y,,,,,,,,,,Y,4,0,1,2,A,-,7,21658,A,N,B,C,A,A,H,-,D,D,0,,,,,Y,,A,1,0,0,1,0,0,0,0,0,0,- ,- ,37.8436,-122.29794,ALAMEDA,BERKELEY,,
90317110,2016,11/11/16,9370,10/13/16,1655,21326,,4,2,6,103,0,1,1,,2,81,I-80 E/B FROM ASHBY AVE,ASHBY AVE,500,E,N,A,-,Y,,,80,,,,R,,E,N,4,0,1,2,A,-,3,22350,,M,C,C,A,A,H,-,A,D,0,,,,,Y,,A,7,0,0,1,0,0,0,0,0,0,- ,- ,37.85159,-122.29928,ALAMEDA,BERKELEY,-122.29928,37.85159
90317903,2016,11/14/16,9370,11/8/16,1530,20475,,2,2,6,103,0,1,1,,2,81,I-80 W/B,GILMAN ST,485,W,N,A,-,Y,,,80,,,,,,W,Y,2,0,1,2,A,-,3,22350,,N,C,C,A,A,H,-,A,D,0,,,,,Y,,D,22,1,0,0,0,0,0,0,0,0,- ,- ,37.87677,-122.30697,ALAMEDA,BERKELEY,-122.3070016,37.87675919
90320594,2016,11/16/16,9370,11/15/16,1335,20475,,2,1,6,103,0,1,1,,2,81,I-80 W/B,ASHBY AVE,1456,E,N,B,-,Y,,,80,,,,,,W,Y,4,0,2,3,A,-,3,22350,,N,C,C,A,A,H,-,A,D,0,,,,,Y,,A,1,0,0,2,0,0,0,0,0,0,- ,- ,37.85299,-122.29999,ALAMEDA,BERKELEY,-122.3000367,37.85297836
90325541,2016,11/21/16,9370,11/13/16,1330,20949,,7,1,6,103,0,1,1,,2,81,I-80 E/B,ASHBY AVE,2000,E,N,B,-,Y,,,80,,,,,,E,Y,3,0,1,2,A,-,3,22350,,N,C,C,A,A,H,-,A,D,0,,,Y,,Y,,C,2,0,1,0,0,0,0,0,0,1,- ,- ,37.85425,-122.30004,ALAMEDA,BERKELEY,-122.3001555,37.8542191
90326154,2016,11/21/16,9370,11/19/16,1415,20949,,6,2,6,103,0,1,1,,2,81,I-80 W/B,GILMAN ST,600,W,N,C,-,Y,,,80,,,,,,W,N,4,0,1,3,A,-,3,22350,,N,C,C,A,B,H,-,A,D,0,,,,,Y,,D,22,0,0,1,0,0,0,0,0,0,- ,- ,37.86896,-122.30451,ALAMEDA,BERKELEY,-122.3045903,37.86893425
90329782,2016,11/28/16,9370,11/13/16,1728,21364,,7,2,6,103,0,1,1,,2,81,I-80 E/B,ASHBY AVE,2000,E,N,B,-,Y,,,,,,,,,,Y,4,0,1,2,A,-,3,22350,,N,B,C,A,A,H,-,D,D,0,,,Y,,Y,,C,2,0,0,1,0,0,0,0,0,1,- ,- ,37.51163,-122.18108,ALAMEDA,BERKELEY,,
90329801,2016,5/1/17,9370,11/12/16,1216,21364,,6,1,6,103,0,1,1,,2,81,I-80 E/B,GILMAN ST,400,W,N,A,-,Y,,,,,,,,,,Y,3,0,1,4,A,-,3,22350,,N,C,C,A,A,H,-,A,D,0,,,,Y,Y,,F,27,0,1,0,0,0,0,0,0,0,- ,- ,37.52374,-122.18245,ALAMEDA,BERKELEY,,
90341728,2016,12/12/16,9370,11/27/16,640,21281,,7,1,6,103,0,1,1,,2,81,I-80 W/B,ASHBY AVE,115,W,N,B,-,Y,,,80,,,,,,W,Y,4,0,1,1,C,-,18,,,N,E,J,A,A,H,-,C,D,0,,,,,Y,,-,- ,0,0,1,0,0,0,0,0,0,- ,- ,37.84677,-122.29873,ALAMEDA,BERKELEY,-122.2985274,37.84681703
90342537,2016,12/12/16,9370,11/28/16,243,21247,,1,3,6,103,0,1,1,,2,81,I-80 E/B,UNIVERSITY AVE,2828,W,N,C,-,Y,,,80,,,,,,E,Y,4,0,1,2,A,-,3,22350,,N,A,J,A,B,H,-,D,D,0,,,,,Y,,A,1,0,0,1,0,0,0,0,0,0,- ,- ,37.85919,-122.30143,ALAMEDA,BERKELEY,-122.301505,37.8591689
9034326,2019,6/24/20,103,12/5/19,1842,1,,4,5,6,103,0,0,0,,0,12,SAN PABLO,BANCROFT,0,,Y,B,-,Y,ALA,4,123,-,-,2.83,I,5,S,N,4,0,1,2,A,-,8,22107,,F,D,C,A,A,D,-,C,A,0,,,,,Y,,A,1,0,0,1,0,0,0,0,0,0,- ,- ,37.86449814,-122.2902985,ALAMEDA,BERKELEY,-122.2908249,37.86474609
9034330,2019,7/13/20,103,12/1/19,1224,71,,7,5,6,103,0,0,0,,0,8,SHATTUCK AV,RT 13,0,,Y,C,-,Y,ALA,4,13,-,-,12.04,H,-,N,Y,3,0,1,5,A,-,3,22350,,N,C,C,A,B,H,-,A,A,0,,,Y,,Y,,A,1,0,1,0,0,0,0,0,0,0,- ,- ,37.8553009,-122.2664871,ALAMEDA,BERKELEY,-122.2662735,37.85537338
9034331,2019,6/24/20,103,11/4/19,1125,49,,1,5,6,103,0,0,0,,0,9,SACRAMENTO ST,ASHBY AV,20,S,N,A,-,Y,ALA,4,13,-,-,12.76,I,6,S,N,4,0,1,2,A,-,3,22350,,F,C,C,A,A,H,-,A,A,0,,,,,Y,,-,,0,0,1,0,0,0,0,0,0,- ,- ,37.85327911,-122.279007,ALAMEDA,BERKELEY,-122.2790527,37.853302
9034334,2019,6/24/20,103,12/10/19,1012,56,,2,5,6,103,0,0,0,,0,11,RT 123,WARD ST,0,,Y,B,-,Y,ALA,4,123,-,-,2.26,I,5,N,N,3,0,1,2,A,-,9,21802,A,N,D,C,A,A,H,-,A,A,0,,,,,Y,,A,1,0,1,0,0,0,0,0,0,0,- ,- ,37.85684967,-122.2881927,ALAMEDA,BERKELEY,-122.2881241,37.85679245
9034335,2019,6/24/20,103,11/10/19,1320,111,,7,5,6,103,0,0,0,,0,16,SAN PABLO AV,VIRGINIA ST,20,S,N,A,-,Y,ALA,4,123,-,-,3.46,H,-,N,N,3,0,1,2,-,-,- ,,,F,G,B,E,A,H,-,A,D,0,Y,,,,Y,,-,- ,0,1,0,0,1,0,0,0,0,- ,- ,37.87414932,-122.2934113,ALAMEDA,BERKELEY,-122.2934875,37.87334061